Picture Number:    0	Temporal Layer Index:    0	 QP:    6	 Average QP:   15  [ PSNR-Y: 42.92 dB,	PSNR-U: 44.21 dB,	PSNR-V: 45.49 dB,	MSE-Y: 3.32,	MSE-U: 2.47,	MSE-V: 1.84,	SSIM-Y: 0.98695,	SSIM-U: 0.98415,	SSIM-V: 0.98541 ]	   3413 bytes
Picture Number:    1	Temporal Layer Index:    5	 QP:   35	 Average QP:   35  [ PSNR-Y: 42.97 dB,	PSNR-U: 44.20 dB,	PSNR-V: 45.42 dB,	MSE-Y: 3.28,	MSE-U: 2.47,	MSE-V: 1.87,	SSIM-Y: 0.98695,	SSIM-U: 0.98434,	SSIM-V: 0.98527 ]	    829 bytes
Picture Number:    2	Temporal Layer Index:    4	 QP:   32	 Average QP:   32  [ PSNR-Y: 42.86 dB,	PSNR-U: 44.17 dB,	PSNR-V: 45.43 dB,	MSE-Y: 3.37,	MSE-U: 2.49,	MSE-V: 1.86,	SSIM-Y: 0.98689,	SSIM-U: 0.98412,	SSIM-V: 0.98537 ]	      5 bytes
Picture Number:    3	Temporal Layer Index:    5	 QP:   35	 Average QP:   35  [ PSNR-Y: 42.91 dB,	PSNR-U: 44.21 dB,	PSNR-V: 45.41 dB,	MSE-Y: 3.33,	MSE-U: 2.47,	MSE-V: 1.87,	SSIM-Y: 0.98689,	SSIM-U: 0.98443,	SSIM-V: 0.98522 ]	     24 bytes
Picture Number:    4	Temporal Layer Index:    3	 QP:   28	 Average QP:   28  [ PSNR-Y: 42.46 dB,	PSNR-U: 44.08 dB,	PSNR-V: 45.41 dB,	MSE-Y: 3.69,	MSE-U: 2.54,	MSE-V: 1.87,	SSIM-Y: 0.98666,	SSIM-U: 0.98393,	SSIM-V: 0.98510 ]	      5 bytes
Picture Number:    5	Temporal Layer Index:    5	 QP:   35	 Average QP:   35  [ PSNR-Y: 41.78 dB,	PSNR-U: 44.04 dB,	PSNR-V: 45.37 dB,	MSE-Y: 4.32,	MSE-U: 2.57,	MSE-V: 1.89,	SSIM-Y: 0.98562,	SSIM-U: 0.98374,	SSIM-V: 0.98490 ]	    120 bytes
Picture Number:    6	Temporal Layer Index:    4	 QP:   32	 Average QP:   32  [ PSNR-Y: 41.71 dB,	PSNR-U: 44.04 dB,	PSNR-V: 45.35 dB,	MSE-Y: 4.39,	MSE-U: 2.56,	MSE-V: 1.90,	SSIM-Y: 0.98562,	SSIM-U: 0.98370,	SSIM-V: 0.98480 ]	      5 bytes
Picture Number:    7	Temporal Layer Index:    5	 QP:   35	 Average QP:   35  [ PSNR-Y: 41.48 dB,	PSNR-U: 44.07 dB,	PSNR-V: 45.40 dB,	MSE-Y: 4.63,	MSE-U: 2.55,	MSE-V: 1.88,	SSIM-Y: 0.98584,	SSIM-U: 0.98389,	SSIM-V: 0.98503 ]	     23 bytes
Picture Number:    8	Temporal Layer Index:    2	 QP:   21	 Average QP:   30  [ PSNR-Y: 41.55 dB,	PSNR-U: 44.04 dB,	PSNR-V: 45.39 dB,	MSE-Y: 4.55,	MSE-U: 2.56,	MSE-V: 1.88,	SSIM-Y: 0.98589,	SSIM-U: 0.98400,	SSIM-V: 0.98511 ]	      5 bytes
Picture Number:    9	Temporal Layer Index:    5	 QP:   35	 Average QP:   35  [ PSNR-Y: 41.74 dB,	PSNR-U: 44.01 dB,	PSNR-V: 45.44 dB,	MSE-Y: 4.36,	MSE-U: 2.58,	MSE-V: 1.86,	SSIM-Y: 0.98573,	SSIM-U: 0.98394,	SSIM-V: 0.98529 ]	    121 bytes
Picture Number:   10	Temporal Layer Index:    4	 QP:   33	 Average QP:   33  [ PSNR-Y: 41.64 dB,	PSNR-U: 44.01 dB,	PSNR-V: 45.45 dB,	MSE-Y: 4.45,	MSE-U: 2.58,	MSE-V: 1.86,	SSIM-Y: 0.98572,	SSIM-U: 0.98391,	SSIM-V: 0.98528 ]	      5 bytes
Picture Number:   11	Temporal Layer Index:    5	 QP:   35	 Average QP:   35  [ PSNR-Y: 41.33 dB,	PSNR-U: 44.04 dB,	PSNR-V: 45.26 dB,	MSE-Y: 4.79,	MSE-U: 2.57,	MSE-V: 1.94,	SSIM-Y: 0.98533,	SSIM-U: 0.98401,	SSIM-V: 0.98455 ]	     23 bytes
Picture Number:   12	Temporal Layer Index:    3	 QP:   31	 Average QP:   31  [ PSNR-Y: 41.38 dB,	PSNR-U: 44.06 dB,	PSNR-V: 45.27 dB,	MSE-Y: 4.73,	MSE-U: 2.56,	MSE-V: 1.93,	SSIM-Y: 0.98544,	SSIM-U: 0.98425,	SSIM-V: 0.98447 ]	      5 bytes
Picture Number:   13	Temporal Layer Index:    5	 QP:   35	 Average QP:   35  [ PSNR-Y: 41.17 dB,	PSNR-U: 44.03 dB,	PSNR-V: 45.20 dB,	MSE-Y: 4.97,	MSE-U: 2.57,	MSE-V: 1.96,	SSIM-Y: 0.98527,	SSIM-U: 0.98406,	SSIM-V: 0.98423 ]	     50 bytes
Picture Number:   14	Temporal Layer Index:    4	 QP:   33	 Average QP:   33  [ PSNR-Y: 40.60 dB,	PSNR-U: 43.95 dB,	PSNR-V: 45.15 dB,	MSE-Y: 5.67,	MSE-U: 2.62,	MSE-V: 1.99,	SSIM-Y: 0.98434,	SSIM-U: 0.98365,	SSIM-V: 0.98411 ]	      5 bytes
Picture Number:   15	Temporal Layer Index:    5	 QP:   35	 Average QP:   35  [ PSNR-Y: 40.24 dB,	PSNR-U: 43.88 dB,	PSNR-V: 45.18 dB,	MSE-Y: 6.15,	MSE-U: 2.66,	MSE-V: 1.97,	SSIM-Y: 0.98387,	SSIM-U: 0.98356,	SSIM-V: 0.98421 ]	     24 bytes
Picture Number:   16	Temporal Layer Index:    1	 QP:   27	 Average QP:   36  [ PSNR-Y: 39.59 dB,	PSNR-U: 43.75 dB,	PSNR-V: 45.20 dB,	MSE-Y: 7.14,	MSE-U: 2.74,	MSE-V: 1.96,	SSIM-Y: 0.98236,	SSIM-U: 0.98331,	SSIM-V: 0.98423 ]	      5 bytes
Picture Number:   17	Temporal Layer Index:    5	 QP:   35	 Average QP:   35  [ PSNR-Y: 39.40 dB,	PSNR-U: 43.78 dB,	PSNR-V: 45.24 dB,	MSE-Y: 7.47,	MSE-U: 2.72,	MSE-V: 1.95,	SSIM-Y: 0.98160,	SSIM-U: 0.98331,	SSIM-V: 0.98445 ]	    379 bytes
Picture Number:   18	Temporal Layer Index:    4	 QP:   33	 Average QP:   33  [ PSNR-Y: 39.37 dB,	PSNR-U: 43.78 dB,	PSNR-V: 45.25 dB,	MSE-Y: 7.52,	MSE-U: 2.72,	MSE-V: 1.94,	SSIM-Y: 0.98119,	SSIM-U: 0.98352,	SSIM-V: 0.98462 ]	      5 bytes
Picture Number:   19	Temporal Layer Index:    5	 QP:   35	 Average QP:   35  [ PSNR-Y: 39.28 dB,	PSNR-U: 43.73 dB,	PSNR-V: 45.17 dB,	MSE-Y: 7.68,	MSE-U: 2.76,	MSE-V: 1.98,	SSIM-Y: 0.98074,	SSIM-U: 0.98357,	SSIM-V: 0.98451 ]	     23 bytes
Picture Number:   20	Temporal Layer Index:    3	 QP:   31	 Average QP:   31  [ PSNR-Y: 39.30 dB,	PSNR-U: 43.59 dB,	PSNR-V: 45.27 dB,	MSE-Y: 7.64,	MSE-U: 2.85,	MSE-V: 1.93,	SSIM-Y: 0.98038,	SSIM-U: 0.98336,	SSIM-V: 0.98491 ]	      5 bytes
Picture Number:   21	Temporal Layer Index:    5	 QP:   35	 Average QP:   35  [ PSNR-Y: 39.04 dB,	PSNR-U: 43.60 dB,	PSNR-V: 45.15 dB,	MSE-Y: 8.11,	MSE-U: 2.84,	MSE-V: 1.99,	SSIM-Y: 0.97967,	SSIM-U: 0.98343,	SSIM-V: 0.98456 ]	     52 bytes
Picture Number:   22	Temporal Layer Index:    4	 QP:   33	 Average QP:   33  [ PSNR-Y: 38.90 dB,	PSNR-U: 43.47 dB,	PSNR-V: 45.15 dB,	MSE-Y: 8.37,	MSE-U: 2.92,	MSE-V: 1.99,	SSIM-Y: 0.97926,	SSIM-U: 0.98291,	SSIM-V: 0.98457 ]	      5 bytes
Picture Number:   23	Temporal Layer Index:    5	 QP:   35	 Average QP:   35  [ PSNR-Y: 38.91 dB,	PSNR-U: 43.43 dB,	PSNR-V: 45.15 dB,	MSE-Y: 8.35,	MSE-U: 2.95,	MSE-V: 1.99,	SSIM-Y: 0.97926,	SSIM-U: 0.98297,	SSIM-V: 0.98450 ]	     22 bytes
Picture Number:   24	Temporal Layer Index:    2	 QP:   21	 Average QP:   29  [ PSNR-Y: 39.36 dB,	PSNR-U: 43.38 dB,	PSNR-V: 45.22 dB,	MSE-Y: 7.54,	MSE-U: 2.99,	MSE-V: 1.95,	SSIM-Y: 0.97991,	SSIM-U: 0.98305,	SSIM-V: 0.98475 ]	      5 bytes
Picture Number:   25	Temporal Layer Index:    5	 QP:   35	 Average QP:   35  [ PSNR-Y: 39.35 dB,	PSNR-U: 43.44 dB,	PSNR-V: 45.26 dB,	MSE-Y: 7.55,	MSE-U: 2.95,	MSE-V: 1.94,	SSIM-Y: 0.98045,	SSIM-U: 0.98308,	SSIM-V: 0.98489 ]	    130 bytes
Picture Number:   26	Temporal Layer Index:    4	 QP:   32	 Average QP:   32  [ PSNR-Y: 39.39 dB,	PSNR-U: 43.55 dB,	PSNR-V: 45.30 dB,	MSE-Y: 7.49,	MSE-U: 2.87,	MSE-V: 1.92,	SSIM-Y: 0.98054,	SSIM-U: 0.98334,	SSIM-V: 0.98489 ]	      5 bytes
Picture Number:   27	Temporal Layer Index:    5	 QP:   35	 Average QP:   35  [ PSNR-Y: 39.35 dB,	PSNR-U: 43.49 dB,	PSNR-V: 45.31 dB,	MSE-Y: 7.55,	MSE-U: 2.91,	MSE-V: 1.92,	SSIM-Y: 0.98086,	SSIM-U: 0.98322,	SSIM-V: 0.98499 ]	     28 bytes
Picture Number:   28	Temporal Layer Index:    3	 QP:   28	 Average QP:   28  [ PSNR-Y: 39.85 dB,	PSNR-U: 43.45 dB,	PSNR-V: 45.13 dB,	MSE-Y: 6.73,	MSE-U: 2.94,	MSE-V: 1.99,	SSIM-Y: 0.98194,	SSIM-U: 0.98317,	SSIM-V: 0.98449 ]	      5 bytes
Picture Number:   29	Temporal Layer Index:    5	 QP:   35	 Average QP:   35  [ PSNR-Y: 39.99 dB,	PSNR-U: 43.34 dB,	PSNR-V: 45.04 dB,	MSE-Y: 6.52,	MSE-U: 3.01,	MSE-V: 2.04,	SSIM-Y: 0.98282,	SSIM-U: 0.98296,	SSIM-V: 0.98422 ]	     92 bytes
Picture Number:   30	Temporal Layer Index:    4	 QP:   32	 Average QP:   32  [ PSNR-Y: 40.52 dB,	PSNR-U: 43.35 dB,	PSNR-V: 44.98 dB,	MSE-Y: 5.77,	MSE-U: 3.01,	MSE-V: 2.07,	SSIM-Y: 0.98367,	SSIM-U: 0.98300,	SSIM-V: 0.98411 ]	      5 bytes
Picture Number:   31	Temporal Layer Index:    5	 QP:   35	 Average QP:   35  [ PSNR-Y: 40.84 dB,	PSNR-U: 43.49 dB,	PSNR-V: 45.02 dB,	MSE-Y: 5.36,	MSE-U: 2.91,	MSE-V: 2.05,	SSIM-Y: 0.98407,	SSIM-U: 0.98301,	SSIM-V: 0.98413 ]	     23 bytes
Picture Number:   32	Temporal Layer Index:    0	 QP:   12	 Average QP:   20  [ PSNR-Y: 41.40 dB,	PSNR-U: 43.71 dB,	PSNR-V: 45.20 dB,	MSE-Y: 4.71,	MSE-U: 2.77,	MSE-V: 1.96,	SSIM-Y: 0.98481,	SSIM-U: 0.98366,	SSIM-V: 0.98487 ]	      5 bytes
Picture Number:   33	Temporal Layer Index:    5	 QP:   35	 Average QP:   35  [ PSNR-Y: 40.67 dB,	PSNR-U: 43.69 dB,	PSNR-V: 45.14 dB,	MSE-Y: 5.57,	MSE-U: 2.78,	MSE-V: 1.99,	SSIM-Y: 0.98395,	SSIM-U: 0.98397,	SSIM-V: 0.98463 ]	   1796 bytes
Picture Number:   34	Temporal Layer Index:    4	 QP:   32	 Average QP:   32  [ PSNR-Y: 40.04 dB,	PSNR-U: 43.74 dB,	PSNR-V: 45.17 dB,	MSE-Y: 6.44,	MSE-U: 2.75,	MSE-V: 1.98,	SSIM-Y: 0.98281,	SSIM-U: 0.98409,	SSIM-V: 0.98482 ]	      5 bytes
Picture Number:   35	Temporal Layer Index:    5	 QP:   35	 Average QP:   35  [ PSNR-Y: 39.64 dB,	PSNR-U: 43.60 dB,	PSNR-V: 45.17 dB,	MSE-Y: 7.07,	MSE-U: 2.84,	MSE-V: 1.98,	SSIM-Y: 0.98220,	SSIM-U: 0.98389,	SSIM-V: 0.98456 ]	     28 bytes
Picture Number:   36	Temporal Layer Index:    3	 QP:   28	 Average QP:   28  [ PSNR-Y: 40.35 dB,	PSNR-U: 43.54 dB,	PSNR-V: 44.89 dB,	MSE-Y: 6.00,	MSE-U: 2.88,	MSE-V: 2.11,	SSIM-Y: 0.98230,	SSIM-U: 0.98370,	SSIM-V: 0.98371 ]	      5 bytes
Picture Number:   37	Temporal Layer Index:    5	 QP:   35	 Average QP:   35  [ PSNR-Y: 39.07 dB,	PSNR-U: 43.51 dB,	PSNR-V: 44.82 dB,	MSE-Y: 8.06,	MSE-U: 2.90,	MSE-V: 2.14,	SSIM-Y: 0.98107,	SSIM-U: 0.98333,	SSIM-V: 0.98321 ]	     90 bytes
Picture Number:   38	Temporal Layer Index:    4	 QP:   32	 Average QP:   32  [ PSNR-Y: 39.22 dB,	PSNR-U: 43.44 dB,	PSNR-V: 44.93 dB,	MSE-Y: 7.78,	MSE-U: 2.94,	MSE-V: 2.09,	SSIM-Y: 0.98138,	SSIM-U: 0.98320,	SSIM-V: 0.98362 ]	      5 bytes
Picture Number:   39	Temporal Layer Index:    5	 QP:   35	 Average QP:   35  [ PSNR-Y: 39.83 dB,	PSNR-U: 43.37 dB,	PSNR-V: 45.06 dB,	MSE-Y: 6.76,	MSE-U: 2.99,	MSE-V: 2.03,	SSIM-Y: 0.98265,	SSIM-U: 0.98342,	SSIM-V: 0.98389 ]	     31 bytes
Picture Number:   40	Temporal Layer Index:    2	 QP:   20	 Average QP:   28  [ PSNR-Y: 40.49 dB,	PSNR-U: 43.61 dB,	PSNR-V: 45.08 dB,	MSE-Y: 5.80,	MSE-U: 2.83,	MSE-V: 2.02,	SSIM-Y: 0.98340,	SSIM-U: 0.98338,	SSIM-V: 0.98392 ]	      5 bytes
Picture Number:   41	Temporal Layer Index:    5	 QP:   35	 Average QP:   35  [ PSNR-Y: 40.55 dB,	PSNR-U: 43.66 dB,	PSNR-V: 45.12 dB,	MSE-Y: 5.73,	MSE-U: 2.80,	MSE-V: 2.00,	SSIM-Y: 0.98369,	SSIM-U: 0.98358,	SSIM-V: 0.98421 ]	     93 bytes
Picture Number:   42	Temporal Layer Index:    4	 QP:   32	 Average QP:   32  [ PSNR-Y: 40.48 dB,	PSNR-U: 43.64 dB,	PSNR-V: 45.21 dB,	MSE-Y: 5.83,	MSE-U: 2.81,	MSE-V: 1.96,	SSIM-Y: 0.98370,	SSIM-U: 0.98376,	SSIM-V: 0.98446 ]	      5 bytes
Picture Number:   43	Temporal Layer Index:    5	 QP:   35	 Average QP:   35  [ PSNR-Y: 40.53 dB,	PSNR-U: 43.68 dB,	PSNR-V: 45.26 dB,	MSE-Y: 5.76,	MSE-U: 2.79,	MSE-V: 1.94,	SSIM-Y: 0.98369,	SSIM-U: 0.98365,	SSIM-V: 0.98451 ]	     23 bytes
Picture Number:   44	Temporal Layer Index:    3	 QP:   28	 Average QP:   28  [ PSNR-Y: 40.83 dB,	PSNR-U: 43.70 dB,	PSNR-V: 45.24 dB,	MSE-Y: 5.38,	MSE-U: 2.77,	MSE-V: 1.94,	SSIM-Y: 0.98396,	SSIM-U: 0.98374,	SSIM-V: 0.98449 ]	      5 bytes
Picture Number:   45	Temporal Layer Index:    5	 QP:   35	 Average QP:   35  [ PSNR-Y: 40.95 dB,	PSNR-U: 43.72 dB,	PSNR-V: 45.28 dB,	MSE-Y: 5.23,	MSE-U: 2.76,	MSE-V: 1.93,	SSIM-Y: 0.98417,	SSIM-U: 0.98405,	SSIM-V: 0.98454 ]	     47 bytes
Picture Number:   46	Temporal Layer Index:    4	 QP:   32	 Average QP:   32  [ PSNR-Y: 41.19 dB,	PSNR-U: 43.79 dB,	PSNR-V: 45.20 dB,	MSE-Y: 4.94,	MSE-U: 2.72,	MSE-V: 1.97,	SSIM-Y: 0.98436,	SSIM-U: 0.98396,	SSIM-V: 0.98431 ]	      5 bytes
Picture Number:   47	Temporal Layer Index:    5	 QP:   35	 Average QP:   35  [ PSNR-Y: 41.41 dB,	PSNR-U: 43.80 dB,	PSNR-V: 45.21 dB,	MSE-Y: 4.70,	MSE-U: 2.71,	MSE-V: 1.96,	SSIM-Y: 0.98449,	SSIM-U: 0.98389,	SSIM-V: 0.98437 ]	     23 bytes
Picture Number:   48	Temporal Layer Index:    1	 QP:   13	 Average QP:   22  [ PSNR-Y: 41.58 dB,	PSNR-U: 43.89 dB,	PSNR-V: 45.23 dB,	MSE-Y: 4.52,	MSE-U: 2.66,	MSE-V: 1.95,	SSIM-Y: 0.98447,	SSIM-U: 0.98396,	SSIM-V: 0.98439 ]	      5 bytes
Picture Number:   49	Temporal Layer Index:    5	 QP:   35	 Average QP:   35  [ PSNR-Y: 41.16 dB,	PSNR-U: 43.86 dB,	PSNR-V: 45.24 dB,	MSE-Y: 4.97,	MSE-U: 2.67,	MSE-V: 1.95,	SSIM-Y: 0.98396,	SSIM-U: 0.98400,	SSIM-V: 0.98452 ]	    171 bytes
Picture Number:   50	Temporal Layer Index:    4	 QP:   33	 Average QP:   33  [ PSNR-Y: 40.96 dB,	PSNR-U: 43.89 dB,	PSNR-V: 45.21 dB,	MSE-Y: 5.22,	MSE-U: 2.66,	MSE-V: 1.96,	SSIM-Y: 0.98392,	SSIM-U: 0.98397,	SSIM-V: 0.98440 ]	      5 bytes
Picture Number:   51	Temporal Layer Index:    5	 QP:   35	 Average QP:   35  [ PSNR-Y: 40.94 dB,	PSNR-U: 43.85 dB,	PSNR-V: 45.28 dB,	MSE-Y: 5.24,	MSE-U: 2.68,	MSE-V: 1.93,	SSIM-Y: 0.98390,	SSIM-U: 0.98382,	SSIM-V: 0.98456 ]	     22 bytes
Picture Number:   52	Temporal Layer Index:    3	 QP:   30	 Average QP:   30  [ PSNR-Y: 40.54 dB,	PSNR-U: 43.83 dB,	PSNR-V: 45.19 dB,	MSE-Y: 5.75,	MSE-U: 2.69,	MSE-V: 1.97,	SSIM-Y: 0.98341,	SSIM-U: 0.98396,	SSIM-V: 0.98431 ]	      5 bytes
Picture Number:   53	Temporal Layer Index:    5	 QP:   35	 Average QP:   35  [ PSNR-Y: 39.60 dB,	PSNR-U: 43.83 dB,	PSNR-V: 44.83 dB,	MSE-Y: 7.14,	MSE-U: 2.69,	MSE-V: 2.14,	SSIM-Y: 0.98216,	SSIM-U: 0.98398,	SSIM-V: 0.98289 ]	     57 bytes
Picture Number:   54	Temporal Layer Index:    4	 QP:   33	 Average QP:   33  [ PSNR-Y: 39.81 dB,	PSNR-U: 43.81 dB,	PSNR-V: 44.68 dB,	MSE-Y: 6.80,	MSE-U: 2.70,	MSE-V: 2.22,	SSIM-Y: 0.98278,	SSIM-U: 0.98374,	SSIM-V: 0.98208 ]	      5 bytes
Picture Number:   55	Temporal Layer Index:    5	 QP:   35	 Average QP:   35  [ PSNR-Y: 39.87 dB,	PSNR-U: 43.82 dB,	PSNR-V: 44.70 dB,	MSE-Y: 6.70,	MSE-U: 2.70,	MSE-V: 2.20,	SSIM-Y: 0.98276,	SSIM-U: 0.98386,	SSIM-V: 0.98214 ]	     22 bytes
Picture Number:   56	Temporal Layer Index:    2	 QP:   25	 Average QP:   33  [ PSNR-Y: 39.98 dB,	PSNR-U: 43.73 dB,	PSNR-V: 44.65 dB,	MSE-Y: 6.53,	MSE-U: 2.75,	MSE-V: 2.23,	SSIM-Y: 0.98283,	SSIM-U: 0.98382,	SSIM-V: 0.98190 ]	      5 bytes
Picture Number:   57	Temporal Layer Index:    5	 QP:   35	 Average QP:   35  [ PSNR-Y: 39.79 dB,	PSNR-U: 43.73 dB,	PSNR-V: 44.65 dB,	MSE-Y: 6.82,	MSE-U: 2.75,	MSE-V: 2.23,	SSIM-Y: 0.98300,	SSIM-U: 0.98398,	SSIM-V: 0.98199 ]	    108 bytes
Picture Number:   58	Temporal Layer Index:    4	 QP:   33	 Average QP:   33  [ PSNR-Y: 39.47 dB,	PSNR-U: 43.79 dB,	PSNR-V: 44.54 dB,	MSE-Y: 7.35,	MSE-U: 2.72,	MSE-V: 2.29,	SSIM-Y: 0.98274,	SSIM-U: 0.98385,	SSIM-V: 0.98160 ]	      5 bytes
Picture Number:   59	Temporal Layer Index:    5	 QP:   35	 Average QP:   35  [ PSNR-Y: 39.85 dB,	PSNR-U: 43.76 dB,	PSNR-V: 44.97 dB,	MSE-Y: 6.73,	MSE-U: 2.73,	MSE-V: 2.07,	SSIM-Y: 0.98292,	SSIM-U: 0.98401,	SSIM-V: 0.98347 ]	     26 bytes
Picture Number:   60	Temporal Layer Index:    3	 QP:   30	 Average QP:   30  [ PSNR-Y: 40.45 dB,	PSNR-U: 43.85 dB,	PSNR-V: 45.13 dB,	MSE-Y: 5.86,	MSE-U: 2.68,	MSE-V: 2.00,	SSIM-Y: 0.98360,	SSIM-U: 0.98386,	SSIM-V: 0.98421 ]	      5 bytes
Picture Number:   61	Temporal Layer Index:    5	 QP:   35	 Average QP:   35  [ PSNR-Y: 40.40 dB,	PSNR-U: 43.98 dB,	PSNR-V: 45.12 dB,	MSE-Y: 5.93,	MSE-U: 2.60,	MSE-V: 2.00,	SSIM-Y: 0.98380,	SSIM-U: 0.98417,	SSIM-V: 0.98414 ]	     55 bytes
Picture Number:   62	Temporal Layer Index:    4	 QP:   33	 Average QP:   33  [ PSNR-Y: 40.51 dB,	PSNR-U: 43.92 dB,	PSNR-V: 45.08 dB,	MSE-Y: 5.78,	MSE-U: 2.64,	MSE-V: 2.02,	SSIM-Y: 0.98370,	SSIM-U: 0.98369,	SSIM-V: 0.98404 ]	      5 bytes
Picture Number:   63	Temporal Layer Index:    5	 QP:   35	 Average QP:   35  [ PSNR-Y: 41.04 dB,	PSNR-U: 43.92 dB,	PSNR-V: 45.00 dB,	MSE-Y: 5.12,	MSE-U: 2.64,	MSE-V: 2.06,	SSIM-Y: 0.98449,	SSIM-U: 0.98371,	SSIM-V: 0.98385 ]	     22 bytes
Picture Number:   64	Temporal Layer Index:    0	 QP:   10	 Average QP:   19  [ PSNR-Y: 41.97 dB,	PSNR-U: 44.00 dB,	PSNR-V: 45.08 dB,	MSE-Y: 4.13,	MSE-U: 2.59,	MSE-V: 2.02,	SSIM-Y: 0.98532,	SSIM-U: 0.98396,	SSIM-V: 0.98419 ]	      5 bytes
Picture Number:   65	Temporal Layer Index:    5	 QP:   35	 Average QP:   35  [ PSNR-Y: 41.34 dB,	PSNR-U: 43.99 dB,	PSNR-V: 45.15 dB,	MSE-Y: 4.77,	MSE-U: 2.59,	MSE-V: 1.99,	SSIM-Y: 0.98466,	SSIM-U: 0.98390,	SSIM-V: 0.98447 ]	   1746 bytes
Picture Number:   66	Temporal Layer Index:    4	 QP:   32	 Average QP:   32  [ PSNR-Y: 40.74 dB,	PSNR-U: 43.91 dB,	PSNR-V: 45.06 dB,	MSE-Y: 5.48,	MSE-U: 2.64,	MSE-V: 2.03,	SSIM-Y: 0.98397,	SSIM-U: 0.98392,	SSIM-V: 0.98406 ]	      5 bytes
Picture Number:   67	Temporal Layer Index:    5	 QP:   35	 Average QP:   35  [ PSNR-Y: 40.22 dB,	PSNR-U: 43.74 dB,	PSNR-V: 45.01 dB,	MSE-Y: 6.18,	MSE-U: 2.75,	MSE-V: 2.05,	SSIM-Y: 0.98315,	SSIM-U: 0.98361,	SSIM-V: 0.98384 ]	     32 bytes
Picture Number:   68	Temporal Layer Index:    3	 QP:   28	 Average QP:   28  [ PSNR-Y: 40.18 dB,	PSNR-U: 43.81 dB,	PSNR-V: 45.00 dB,	MSE-Y: 6.23,	MSE-U: 2.70,	MSE-V: 2.06,	SSIM-Y: 0.98277,	SSIM-U: 0.98369,	SSIM-V: 0.98395 ]	      5 bytes
Picture Number:   69	Temporal Layer Index:    5	 QP:   35	 Average QP:   35  [ PSNR-Y: 39.70 dB,	PSNR-U: 43.71 dB,	PSNR-V: 44.92 dB,	MSE-Y: 6.96,	MSE-U: 2.77,	MSE-V: 2.10,	SSIM-Y: 0.98167,	SSIM-U: 0.98354,	SSIM-V: 0.98373 ]	    115 bytes
Picture Number:   70	Temporal Layer Index:    4	 QP:   32	 Average QP:   32  [ PSNR-Y: 39.49 dB,	PSNR-U: 43.53 dB,	PSNR-V: 44.86 dB,	MSE-Y: 7.31,	MSE-U: 2.88,	MSE-V: 2.12,	SSIM-Y: 0.98105,	SSIM-U: 0.98314,	SSIM-V: 0.98376 ]	      5 bytes
Picture Number:   71	Temporal Layer Index:    5	 QP:   35	 Average QP:   35  [ PSNR-Y: 39.23 dB,	PSNR-U: 43.23 dB,	PSNR-V: 44.67 dB,	MSE-Y: 7.77,	MSE-U: 3.09,	MSE-V: 2.22,	SSIM-Y: 0.98069,	SSIM-U: 0.98243,	SSIM-V: 0.98296 ]	     39 bytes
Picture Number:   72	Temporal Layer Index:    2	 QP:   21	 Average QP:   30  [ PSNR-Y: 39.73 dB,	PSNR-U: 42.83 dB,	PSNR-V: 44.48 dB,	MSE-Y: 6.93,	MSE-U: 3.39,	MSE-V: 2.32,	SSIM-Y: 0.98120,	SSIM-U: 0.98090,	SSIM-V: 0.98192 ]	      5 bytes
Picture Number:   73	Temporal Layer Index:    5	 QP:   35	 Average QP:   35  [ PSNR-Y: 38.99 dB,	PSNR-U: 42.91 dB,	PSNR-V: 44.33 dB,	MSE-Y: 8.20,	MSE-U: 3.33,	MSE-V: 2.40,	SSIM-Y: 0.98056,	SSIM-U: 0.98075,	SSIM-V: 0.98139 ]	    230 bytes
Picture Number:   74	Temporal Layer Index:    4	 QP:   32	 Average QP:   32  [ PSNR-Y: 39.00 dB,	PSNR-U: 42.86 dB,	PSNR-V: 44.37 dB,	MSE-Y: 8.19,	MSE-U: 3.36,	MSE-V: 2.38,	SSIM-Y: 0.98065,	SSIM-U: 0.98059,	SSIM-V: 0.98162 ]	      5 bytes
Picture Number:   75	Temporal Layer Index:    5	 QP:   35	 Average QP:   35  [ PSNR-Y: 38.83 dB,	PSNR-U: 42.86 dB,	PSNR-V: 44.30 dB,	MSE-Y: 8.52,	MSE-U: 3.37,	MSE-V: 2.42,	SSIM-Y: 0.98052,	SSIM-U: 0.98087,	SSIM-V: 0.98144 ]	     27 bytes
Picture Number:   76	Temporal Layer Index:    3	 QP:   28	 Average QP:   28  [ PSNR-Y: 39.50 dB,	PSNR-U: 43.01 dB,	PSNR-V: 44.48 dB,	MSE-Y: 7.29,	MSE-U: 3.25,	MSE-V: 2.32,	SSIM-Y: 0.98131,	SSIM-U: 0.98125,	SSIM-V: 0.98207 ]	      5 bytes
Picture Number:   77	Temporal Layer Index:    5	 QP:   35	 Average QP:   35  [ PSNR-Y: 39.10 dB,	PSNR-U: 43.34 dB,	PSNR-V: 44.68 dB,	MSE-Y: 8.01,	MSE-U: 3.01,	MSE-V: 2.21,	SSIM-Y: 0.98057,	SSIM-U: 0.98218,	SSIM-V: 0.98306 ]	    125 bytes
Picture Number:   78	Temporal Layer Index:    4	 QP:   32	 Average QP:   32  [ PSNR-Y: 39.28 dB,	PSNR-U: 43.51 dB,	PSNR-V: 44.86 dB,	MSE-Y: 7.68,	MSE-U: 2.90,	MSE-V: 2.12,	SSIM-Y: 0.98035,	SSIM-U: 0.98288,	SSIM-V: 0.98374 ]	      5 bytes
Picture Number:   79	Temporal Layer Index:    5	 QP:   35	 Average QP:   35  [ PSNR-Y: 39.36 dB,	PSNR-U: 43.49 dB,	PSNR-V: 44.93 dB,	MSE-Y: 7.53,	MSE-U: 2.91,	MSE-V: 2.09,	SSIM-Y: 0.98042,	SSIM-U: 0.98329,	SSIM-V: 0.98397 ]	     30 bytes
Picture Number:   80	Temporal Layer Index:    1	 QP:   21	 Average QP:   29  [ PSNR-Y: 39.68 dB,	PSNR-U: 43.09 dB,	PSNR-V: 44.89 dB,	MSE-Y: 6.99,	MSE-U: 3.19,	MSE-V: 2.11,	SSIM-Y: 0.98116,	SSIM-U: 0.98292,	SSIM-V: 0.98405 ]	      5 bytes
Picture Number:   81	Temporal Layer Index:    5	 QP:   35	 Average QP:   35  [ PSNR-Y: 39.47 dB,	PSNR-U: 43.27 dB,	PSNR-V: 44.85 dB,	MSE-Y: 7.35,	MSE-U: 3.06,	MSE-V: 2.13,	SSIM-Y: 0.98115,	SSIM-U: 0.98305,	SSIM-V: 0.98407 ]	    389 bytes
Picture Number:   82	Temporal Layer Index:    4	 QP:   32	 Average QP:   32  [ PSNR-Y: 39.30 dB,	PSNR-U: 43.36 dB,	PSNR-V: 44.82 dB,	MSE-Y: 7.65,	MSE-U: 3.00,	MSE-V: 2.15,	SSIM-Y: 0.98108,	SSIM-U: 0.98323,	SSIM-V: 0.98400 ]	      5 bytes
Picture Number:   83	Temporal Layer Index:    5	 QP:   35	 Average QP:   35  [ PSNR-Y: 39.06 dB,	PSNR-U: 43.25 dB,	PSNR-V: 44.71 dB,	MSE-Y: 8.08,	MSE-U: 3.08,	MSE-V: 2.20,	SSIM-Y: 0.98046,	SSIM-U: 0.98285,	SSIM-V: 0.98378 ]	     27 bytes
Picture Number:   84	Temporal Layer Index:    3	 QP:   29	 Average QP:   29  [ PSNR-Y: 39.17 dB,	PSNR-U: 43.20 dB,	PSNR-V: 44.68 dB,	MSE-Y: 7.87,	MSE-U: 3.11,	MSE-V: 2.21,	SSIM-Y: 0.98042,	SSIM-U: 0.98310,	SSIM-V: 0.98363 ]	      5 bytes
Picture Number:   85	Temporal Layer Index:    5	 QP:   35	 Average QP:   35  [ PSNR-Y: 38.80 dB,	PSNR-U: 43.19 dB,	PSNR-V: 44.54 dB,	MSE-Y: 8.58,	MSE-U: 3.12,	MSE-V: 2.29,	SSIM-Y: 0.97994,	SSIM-U: 0.98316,	SSIM-V: 0.98280 ]	     59 bytes
Picture Number:   86	Temporal Layer Index:    4	 QP:   32	 Average QP:   32  [ PSNR-Y: 38.79 dB,	PSNR-U: 43.11 dB,	PSNR-V: 44.60 dB,	MSE-Y: 8.59,	MSE-U: 3.18,	MSE-V: 2.25,	SSIM-Y: 0.98020,	SSIM-U: 0.98302,	SSIM-V: 0.98313 ]	      5 bytes
Picture Number:   87	Temporal Layer Index:    5	 QP:   35	 Average QP:   35  [ PSNR-Y: 39.28 dB,	PSNR-U: 43.09 dB,	PSNR-V: 44.58 dB,	MSE-Y: 7.67,	MSE-U: 3.19,	MSE-V: 2.26,	SSIM-Y: 0.98085,	SSIM-U: 0.98309,	SSIM-V: 0.98292 ]	     24 bytes
Picture Number:   88	Temporal Layer Index:    2	 QP:   23	 Average QP:   31  [ PSNR-Y: 39.49 dB,	PSNR-U: 43.10 dB,	PSNR-V: 44.70 dB,	MSE-Y: 7.30,	MSE-U: 3.19,	MSE-V: 2.20,	SSIM-Y: 0.98090,	SSIM-U: 0.98323,	SSIM-V: 0.98306 ]	      5 bytes
Picture Number:   89	Temporal Layer Index:    5	 QP:   35	 Average QP:   35  [ PSNR-Y: 39.61 dB,	PSNR-U: 43.39 dB,	PSNR-V: 44.72 dB,	MSE-Y: 7.12,	MSE-U: 2.98,	MSE-V: 2.19,	SSIM-Y: 0.98141,	SSIM-U: 0.98356,	SSIM-V: 0.98325 ]	    117 bytes
Picture Number:   90	Temporal Layer Index:    4	 QP:   32	 Average QP:   32  [ PSNR-Y: 39.60 dB,	PSNR-U: 43.46 dB,	PSNR-V: 44.85 dB,	MSE-Y: 7.12,	MSE-U: 2.93,	MSE-V: 2.13,	SSIM-Y: 0.98138,	SSIM-U: 0.98346,	SSIM-V: 0.98356 ]	      5 bytes
Picture Number:   91	Temporal Layer Index:    5	 QP:   35	 Average QP:   35  [ PSNR-Y: 39.90 dB,	PSNR-U: 43.62 dB,	PSNR-V: 44.92 dB,	MSE-Y: 6.65,	MSE-U: 2.83,	MSE-V: 2.09,	SSIM-Y: 0.98218,	SSIM-U: 0.98328,	SSIM-V: 0.98376 ]	     25 bytes
Picture Number:   92	Temporal Layer Index:    3	 QP:   29	 Average QP:   29  [ PSNR-Y: 40.08 dB,	PSNR-U: 43.59 dB,	PSNR-V: 45.00 dB,	MSE-Y: 6.38,	MSE-U: 2.84,	MSE-V: 2.06,	SSIM-Y: 0.98255,	SSIM-U: 0.98293,	SSIM-V: 0.98393 ]	      5 bytes
Picture Number:   93	Temporal Layer Index:    5	 QP:   35	 Average QP:   35  [ PSNR-Y: 40.43 dB,	PSNR-U: 43.84 dB,	PSNR-V: 44.99 dB,	MSE-Y: 5.89,	MSE-U: 2.69,	MSE-V: 2.06,	SSIM-Y: 0.98328,	SSIM-U: 0.98337,	SSIM-V: 0.98399 ]	     48 bytes
Picture Number:   94	Temporal Layer Index:    4	 QP:   32	 Average QP:   32  [ PSNR-Y: 40.82 dB,	PSNR-U: 43.79 dB,	PSNR-V: 44.98 dB,	MSE-Y: 5.39,	MSE-U: 2.72,	MSE-V: 2.07,	SSIM-Y: 0.98394,	SSIM-U: 0.98305,	SSIM-V: 0.98392 ]	      5 bytes
Picture Number:   95	Temporal Layer Index:    5	 QP:   35	 Average QP:   35  [ PSNR-Y: 41.48 dB,	PSNR-U: 43.83 dB,	PSNR-V: 45.00 dB,	MSE-Y: 4.63,	MSE-U: 2.69,	MSE-V: 2.06,	SSIM-Y: 0.98452,	SSIM-U: 0.98305,	SSIM-V: 0.98408 ]	     24 bytes
Picture Number:   96	Temporal Layer Index:    0	 QP:   11	 Average QP:   20  [ PSNR-Y: 41.93 dB,	PSNR-U: 43.91 dB,	PSNR-V: 44.97 dB,	MSE-Y: 4.17,	MSE-U: 2.64,	MSE-V: 2.07,	SSIM-Y: 0.98486,	SSIM-U: 0.98333,	SSIM-V: 0.98389 ]	      5 bytes
Picture Number:   97	Temporal Layer Index:    5	 QP:   35	 Average QP:   35  [ PSNR-Y: 41.49 dB,	PSNR-U: 43.86 dB,	PSNR-V: 44.98 dB,	MSE-Y: 4.62,	MSE-U: 2.67,	MSE-V: 2.07,	SSIM-Y: 0.98473,	SSIM-U: 0.98339,	SSIM-V: 0.98382 ]	   1237 bytes
Picture Number:   98	Temporal Layer Index:    4	 QP:   33	 Average QP:   33  [ PSNR-Y: 41.33 dB,	PSNR-U: 43.88 dB,	PSNR-V: 44.96 dB,	MSE-Y: 4.79,	MSE-U: 2.66,	MSE-V: 2.08,	SSIM-Y: 0.98465,	SSIM-U: 0.98349,	SSIM-V: 0.98382 ]	      5 bytes
Picture Number:   99	Temporal Layer Index:    5	 QP:   35	 Average QP:   35  [ PSNR-Y: 41.18 dB,	PSNR-U: 43.85 dB,	PSNR-V: 44.89 dB,	MSE-Y: 4.96,	MSE-U: 2.68,	MSE-V: 2.11,	SSIM-Y: 0.98455,	SSIM-U: 0.98331,	SSIM-V: 0.98350 ]	     25 bytes
Picture Number:  100	Temporal Layer Index:    3	 QP:   31	 Average QP:   31  [ PSNR-Y: 40.94 dB,	PSNR-U: 43.65 dB,	PSNR-V: 44.84 dB,	MSE-Y: 5.24,	MSE-U: 2.81,	MSE-V: 2.13,	SSIM-Y: 0.98430,	SSIM-U: 0.98339,	SSIM-V: 0.98349 ]	      5 bytes
Picture Number:  101	Temporal Layer Index:    5	 QP:   35	 Average QP:   35  [ PSNR-Y: 40.39 dB,	PSNR-U: 43.76 dB,	PSNR-V: 44.91 dB,	MSE-Y: 5.94,	MSE-U: 2.74,	MSE-V: 2.10,	SSIM-Y: 0.98379,	SSIM-U: 0.98391,	SSIM-V: 0.98391 ]	     52 bytes
Picture Number:  102	Temporal Layer Index:    4	 QP:   33	 Average QP:   33  [ PSNR-Y: 39.83 dB,	PSNR-U: 43.84 dB,	PSNR-V: 44.91 dB,	MSE-Y: 6.76,	MSE-U: 2.68,	MSE-V: 2.10,	SSIM-Y: 0.98289,	SSIM-U: 0.98398,	SSIM-V: 0.98377 ]	      5 bytes
Picture Number:  103	Temporal Layer Index:    5	 QP:   35	 Average QP:   35  [ PSNR-Y: 39.59 dB,	PSNR-U: 43.80 dB,	PSNR-V: 44.81 dB,	MSE-Y: 7.15,	MSE-U: 2.71,	MSE-V: 2.15,	SSIM-Y: 0.98231,	SSIM-U: 0.98420,	SSIM-V: 0.98326 ]	     24 bytes
Picture Number:  104	Temporal Layer Index:    2	 QP:   26	 Average QP:   35  [ PSNR-Y: 39.59 dB,	PSNR-U: 43.60 dB,	PSNR-V: 44.76 dB,	MSE-Y: 7.15,	MSE-U: 2.84,	MSE-V: 2.17,	SSIM-Y: 0.98229,	SSIM-U: 0.98389,	SSIM-V: 0.98291 ]	      5 bytes
Picture Number:  105	Temporal Layer Index:    5	 QP:   35	 Average QP:   35  [ PSNR-Y: 40.00 dB,	PSNR-U: 43.89 dB,	PSNR-V: 44.96 dB,	MSE-Y: 6.50,	MSE-U: 2.66,	MSE-V: 2.08,	SSIM-Y: 0.98300,	SSIM-U: 0.98438,	SSIM-V: 0.98377 ]	    141 bytes
Picture Number:  106	Temporal Layer Index:    4	 QP:   33	 Average QP:   33  [ PSNR-Y: 40.24 dB,	PSNR-U: 44.03 dB,	PSNR-V: 45.11 dB,	MSE-Y: 6.16,	MSE-U: 2.57,	MSE-V: 2.00,	SSIM-Y: 0.98334,	SSIM-U: 0.98468,	SSIM-V: 0.98421 ]	      5 bytes
Picture Number:  107	Temporal Layer Index:    5	 QP:   35	 Average QP:   35  [ PSNR-Y: 40.28 dB,	PSNR-U: 44.04 dB,	PSNR-V: 45.14 dB,	MSE-Y: 6.10,	MSE-U: 2.57,	MSE-V: 1.99,	SSIM-Y: 0.98349,	SSIM-U: 0.98470,	SSIM-V: 0.98436 ]	     23 bytes
Picture Number:  108	Temporal Layer Index:    3	 QP:   31	 Average QP:   31  [ PSNR-Y: 40.82 dB,	PSNR-U: 43.94 dB,	PSNR-V: 45.15 dB,	MSE-Y: 5.39,	MSE-U: 2.62,	MSE-V: 1.99,	SSIM-Y: 0.98416,	SSIM-U: 0.98460,	SSIM-V: 0.98443 ]	      5 bytes
Picture Number:  109	Temporal Layer Index:    5	 QP:   35	 Average QP:   35  [ PSNR-Y: 40.75 dB,	PSNR-U: 43.99 dB,	PSNR-V: 45.10 dB,	MSE-Y: 5.47,	MSE-U: 2.60,	MSE-V: 2.01,	SSIM-Y: 0.98428,	SSIM-U: 0.98474,	SSIM-V: 0.98415 ]	     58 bytes
Picture Number:  110	Temporal Layer Index:    4	 QP:   33	 Average QP:   33  [ PSNR-Y: 40.90 dB,	PSNR-U: 44.01 dB,	PSNR-V: 45.10 dB,	MSE-Y: 5.29,	MSE-U: 2.58,	MSE-V: 2.01,	SSIM-Y: 0.98445,	SSIM-U: 0.98475,	SSIM-V: 0.98416 ]	      5 bytes
Picture Number:  111	Temporal Layer Index:    5	 QP:   35	 Average QP:   35  [ PSNR-Y: 40.95 dB,	PSNR-U: 43.91 dB,	PSNR-V: 45.09 dB,	MSE-Y: 5.22,	MSE-U: 2.64,	MSE-V: 2.01,	SSIM-Y: 0.98466,	SSIM-U: 0.98451,	SSIM-V: 0.98417 ]	     22 bytes
Picture Number:  112	Temporal Layer Index:    1	 QP:   21	 Average QP:   29  [ PSNR-Y: 40.75 dB,	PSNR-U: 43.70 dB,	PSNR-V: 45.18 dB,	MSE-Y: 5.47,	MSE-U: 2.77,	MSE-V: 1.97,	SSIM-Y: 0.98423,	SSIM-U: 0.98412,	SSIM-V: 0.98449 ]	      5 bytes
Picture Number:  113	Temporal Layer Index:    5	 QP:   35	 Average QP:   35  [ PSNR-Y: 40.65 dB,	PSNR-U: 43.77 dB,	PSNR-V: 45.17 dB,	MSE-Y: 5.60,	MSE-U: 2.73,	MSE-V: 1.98,	SSIM-Y: 0.98421,	SSIM-U: 0.98453,	SSIM-V: 0.98436 ]	    151 bytes
Picture Number:  114	Temporal Layer Index:    4	 QP:   32	 Average QP:   32  [ PSNR-Y: 40.77 dB,	PSNR-U: 43.74 dB,	PSNR-V: 45.19 dB,	MSE-Y: 5.44,	MSE-U: 2.75,	MSE-V: 1.97,	SSIM-Y: 0.98442,	SSIM-U: 0.98426,	SSIM-V: 0.98445 ]	      5 bytes
Picture Number:  115	Temporal Layer Index:    5	 QP:   35	 Average QP:   35  [ PSNR-Y: 41.00 dB,	PSNR-U: 43.75 dB,	PSNR-V: 45.18 dB,	MSE-Y: 5.16,	MSE-U: 2.74,	MSE-V: 1.97,	SSIM-Y: 0.98464,	SSIM-U: 0.98455,	SSIM-V: 0.98454 ]	     22 bytes
Picture Number:  116	Temporal Layer Index:    3	 QP:   28	 Average QP:   28  [ PSNR-Y: 41.16 dB,	PSNR-U: 43.68 dB,	PSNR-V: 45.25 dB,	MSE-Y: 4.97,	MSE-U: 2.79,	MSE-V: 1.94,	SSIM-Y: 0.98462,	SSIM-U: 0.98436,	SSIM-V: 0.98475 ]	      5 bytes
Picture Number:  117	Temporal Layer Index:    5	 QP:   35	 Average QP:   35  [ PSNR-Y: 41.33 dB,	PSNR-U: 43.75 dB,	PSNR-V: 45.22 dB,	MSE-Y: 4.79,	MSE-U: 2.74,	MSE-V: 1.95,	SSIM-Y: 0.98482,	SSIM-U: 0.98421,	SSIM-V: 0.98460 ]	     45 bytes
Picture Number:  118	Temporal Layer Index:    4	 QP:   32	 Average QP:   32  [ PSNR-Y: 41.25 dB,	PSNR-U: 43.75 dB,	PSNR-V: 45.25 dB,	MSE-Y: 4.88,	MSE-U: 2.74,	MSE-V: 1.94,	SSIM-Y: 0.98478,	SSIM-U: 0.98428,	SSIM-V: 0.98476 ]	      5 bytes
Picture Number:  119	Temporal Layer Index:    5	 QP:   35	 Average QP:   35  [ PSNR-Y: 41.25 dB,	PSNR-U: 43.70 dB,	PSNR-V: 45.27 dB,	MSE-Y: 4.88,	MSE-U: 2.77,	MSE-V: 1.93,	SSIM-Y: 0.98483,	SSIM-U: 0.98411,	SSIM-V: 0.98477 ]	     22 bytes
Picture Number:  120	Temporal Layer Index:    2	 QP:   17	 Average QP:   26  [ PSNR-Y: 41.29 dB,	PSNR-U: 43.73 dB,	PSNR-V: 45.21 dB,	MSE-Y: 4.83,	MSE-U: 2.75,	MSE-V: 1.96,	SSIM-Y: 0.98489,	SSIM-U: 0.98449,	SSIM-V: 0.98457 ]	      5 bytes
Picture Number:  121	Temporal Layer Index:    5	 QP:   35	 Average QP:   35  [ PSNR-Y: 41.06 dB,	PSNR-U: 43.79 dB,	PSNR-V: 45.08 dB,	MSE-Y: 5.09,	MSE-U: 2.72,	MSE-V: 2.02,	SSIM-Y: 0.98481,	SSIM-U: 0.98434,	SSIM-V: 0.98399 ]	    168 bytes
Picture Number:  122	Temporal Layer Index:    4	 QP:   31	 Average QP:   31  [ PSNR-Y: 40.60 dB,	PSNR-U: 43.89 dB,	PSNR-V: 44.86 dB,	MSE-Y: 5.66,	MSE-U: 2.66,	MSE-V: 2.12,	SSIM-Y: 0.98428,	SSIM-U: 0.98443,	SSIM-V: 0.98311 ]	      5 bytes
Picture Number:  123	Temporal Layer Index:    5	 QP:   35	 Average QP:   35  [ PSNR-Y: 40.39 dB,	PSNR-U: 43.94 dB,	PSNR-V: 44.74 dB,	MSE-Y: 5.94,	MSE-U: 2.63,	MSE-V: 2.18,	SSIM-Y: 0.98404,	SSIM-U: 0.98445,	SSIM-V: 0.98262 ]	     22 bytes
Picture Number:  124	Temporal Layer Index:    3	 QP:   26	 Average QP:   26  [ PSNR-Y: 41.21 dB,	PSNR-U: 43.98 dB,	PSNR-V: 44.86 dB,	MSE-Y: 4.92,	MSE-U: 2.60,	MSE-V: 2.12,	SSIM-Y: 0.98494,	SSIM-U: 0.98429,	SSIM-V: 0.98309 ]	      5 bytes
Picture Number:  125	Temporal Layer Index:    5	 QP:   35	 Average QP:   35  [ PSNR-Y: 40.98 dB,	PSNR-U: 44.01 dB,	PSNR-V: 44.95 dB,	MSE-Y: 5.19,	MSE-U: 2.58,	MSE-V: 2.08,	SSIM-Y: 0.98492,	SSIM-U: 0.98427,	SSIM-V: 0.98351 ]	     48 bytes
Picture Number:  126	Temporal Layer Index:    4	 QP:   31	 Average QP:   31  [ PSNR-Y: 41.71 dB,	PSNR-U: 44.04 dB,	PSNR-V: 45.18 dB,	MSE-Y: 4.38,	MSE-U: 2.57,	MSE-V: 1.97,	SSIM-Y: 0.98583,	SSIM-U: 0.98420,	SSIM-V: 0.98434 ]	      5 bytes
Picture Number:  127	Temporal Layer Index:    5	 QP:   35	 Average QP:   35  [ PSNR-Y: 42.06 dB,	PSNR-U: 44.10 dB,	PSNR-V: 45.19 dB,	MSE-Y: 4.05,	MSE-U: 2.53,	MSE-V: 1.97,	SSIM-Y: 0.98610,	SSIM-U: 0.98442,	SSIM-V: 0.98443 ]	     22 bytes
Picture Number:  128	Temporal Layer Index:    0	 QP:    7	 Average QP:   16  [ PSNR-Y: 42.67 dB,	PSNR-U: 44.18 dB,	PSNR-V: 45.28 dB,	MSE-Y: 3.52,	MSE-U: 2.48,	MSE-V: 1.93,	SSIM-Y: 0.98657,	SSIM-U: 0.98443,	SSIM-V: 0.98472 ]	      5 bytes
Picture Number:  129	Temporal Layer Index:    5	 QP:   35	 Average QP:   35  [ PSNR-Y: 41.88 dB,	PSNR-U: 44.16 dB,	PSNR-V: 45.29 dB,	MSE-Y: 4.22,	MSE-U: 2.50,	MSE-V: 1.92,	SSIM-Y: 0.98598,	SSIM-U: 0.98453,	SSIM-V: 0.98472 ]	    921 bytes
Picture Number:  130	Temporal Layer Index:    4	 QP:   34	 Average QP:   34  [ PSNR-Y: 41.15 dB,	PSNR-U: 44.12 dB,	PSNR-V: 45.24 dB,	MSE-Y: 4.99,	MSE-U: 2.52,	MSE-V: 1.95,	SSIM-Y: 0.98530,	SSIM-U: 0.98455,	SSIM-V: 0.98442 ]	      5 bytes
Picture Number:  131	Temporal Layer Index:    5	 QP:   35	 Average QP:   35  [ PSNR-Y: 40.70 dB,	PSNR-U: 44.10 dB,	PSNR-V: 45.25 dB,	MSE-Y: 5.54,	MSE-U: 2.53,	MSE-V: 1.94,	SSIM-Y: 0.98493,	SSIM-U: 0.98458,	SSIM-V: 0.98461 ]	     22 bytes
Picture Number:  132	Temporal Layer Index:    3	 QP:   32	 Average QP:   32  [ PSNR-Y: 40.53 dB,	PSNR-U: 44.01 dB,	PSNR-V: 45.23 dB,	MSE-Y: 5.76,	MSE-U: 2.58,	MSE-V: 1.95,	SSIM-Y: 0.98470,	SSIM-U: 0.98442,	SSIM-V: 0.98462 ]	      5 bytes
Picture Number:  133	Temporal Layer Index:    5	 QP:   35	 Average QP:   35  [ PSNR-Y: 40.15 dB,	PSNR-U: 44.10 dB,	PSNR-V: 45.26 dB,	MSE-Y: 6.28,	MSE-U: 2.53,	MSE-V: 1.94,	SSIM-Y: 0.98397,	SSIM-U: 0.98465,	SSIM-V: 0.98459 ]	     95 bytes
Picture Number:  134	Temporal Layer Index:    4	 QP:   34	 Average QP:   34  [ PSNR-Y: 39.42 dB,	PSNR-U: 44.05 dB,	PSNR-V: 45.17 dB,	MSE-Y: 7.44,	MSE-U: 2.56,	MSE-V: 1.98,	SSIM-Y: 0.98232,	SSIM-U: 0.98446,	SSIM-V: 0.98420 ]	      5 bytes
Picture Number:  135	Temporal Layer Index:    5	 QP:   35	 Average QP:   35  [ PSNR-Y: 38.73 dB,	PSNR-U: 43.95 dB,	PSNR-V: 45.05 dB,	MSE-Y: 8.72,	MSE-U: 2.62,	MSE-V: 2.03,	SSIM-Y: 0.98053,	SSIM-U: 0.98412,	SSIM-V: 0.98387 ]	     29 bytes
Picture Number:  136	Temporal Layer Index:    2	 QP:   28	 Average QP:   37  [ PSNR-Y: 38.81 dB,	PSNR-U: 43.81 dB,	PSNR-V: 45.00 dB,	MSE-Y: 8.56,	MSE-U: 2.70,	MSE-V: 2.06,	SSIM-Y: 0.98010,	SSIM-U: 0.98355,	SSIM-V: 0.98350 ]	      5 bytes
Picture Number:  137	Temporal Layer Index:    5	 QP:   35	 Average QP:   35  [ PSNR-Y: 38.25 dB,	PSNR-U: 43.74 dB,	PSNR-V: 44.80 dB,	MSE-Y: 9.73,	MSE-U: 2.75,	MSE-V: 2.15,	SSIM-Y: 0.97950,	SSIM-U: 0.98308,	SSIM-V: 0.98251 ]	    220 bytes
Picture Number:  138	Temporal Layer Index:    4	 QP:   34	 Average QP:   34  [ PSNR-Y: 38.76 dB,	PSNR-U: 43.54 dB,	PSNR-V: 44.49 dB,	MSE-Y: 8.66,	MSE-U: 2.88,	MSE-V: 2.31,	SSIM-Y: 0.98071,	SSIM-U: 0.98233,	SSIM-V: 0.98113 ]	      5 bytes
Picture Number:  139	Temporal Layer Index:    5	 QP:   35	 Average QP:   35  [ PSNR-Y: 38.82 dB,	PSNR-U: 43.42 dB,	PSNR-V: 44.32 dB,	MSE-Y: 8.52,	MSE-U: 2.96,	MSE-V: 2.40,	SSIM-Y: 0.98087,	SSIM-U: 0.98177,	SSIM-V: 0.98051 ]	     22 bytes
Picture Number:  140	Temporal Layer Index:    3	 QP:   32	 Average QP:   32  [ PSNR-Y: 39.48 dB,	PSNR-U: 43.38 dB,	PSNR-V: 44.32 dB,	MSE-Y: 7.32,	MSE-U: 2.98,	MSE-V: 2.41,	SSIM-Y: 0.98203,	SSIM-U: 0.98152,	SSIM-V: 0.98062 ]	      5 bytes
Picture Number:  141	Temporal Layer Index:    5	 QP:   35	 Average QP:   35  [ PSNR-Y: 39.77 dB,	PSNR-U: 43.36 dB,	PSNR-V: 44.42 dB,	MSE-Y: 6.86,	MSE-U: 3.00,	MSE-V: 2.35,	SSIM-Y: 0.98273,	SSIM-U: 0.98094,	SSIM-V: 0.98128 ]	     47 bytes
Picture Number:  142	Temporal Layer Index:    4	 QP:   34	 Average QP:   34  [ PSNR-Y: 40.03 dB,	PSNR-U: 43.36 dB,	PSNR-V: 44.51 dB,	MSE-Y: 6.46,	MSE-U: 3.00,	MSE-V: 2.30,	SSIM-Y: 0.98311,	SSIM-U: 0.98103,	SSIM-V: 0.98147 ]	      5 bytes
Picture Number:  143	Temporal Layer Index:    5	 QP:   35	 Average QP:   35  [ PSNR-Y: 40.36 dB,	PSNR-U: 43.32 dB,	PSNR-V: 44.48 dB,	MSE-Y: 5.98,	MSE-U: 3.02,	MSE-V: 2.32,	SSIM-Y: 0.98353,	SSIM-U: 0.98089,	SSIM-V: 0.98147 ]	     22 bytes
Picture Number:  144	Temporal Layer Index:    1	 QP:   18	 Average QP:   27  [ PSNR-Y: 40.63 dB,	PSNR-U: 43.30 dB,	PSNR-V: 44.45 dB,	MSE-Y: 5.63,	MSE-U: 3.04,	MSE-V: 2.33,	SSIM-Y: 0.98360,	SSIM-U: 0.98069,	SSIM-V: 0.98138 ]	      5 bytes
Picture Number:  145	Temporal Layer Index:    5	 QP:   35	 Average QP:   35  [ PSNR-Y: 40.27 dB,	PSNR-U: 43.40 dB,	PSNR-V: 44.36 dB,	MSE-Y: 6.12,	MSE-U: 2.97,	MSE-V: 2.38,	SSIM-Y: 0.98312,	SSIM-U: 0.98096,	SSIM-V: 0.98088 ]	    219 bytes
Picture Number:  146	Temporal Layer Index:    4	 QP:   33	 Average QP:   33  [ PSNR-Y: 39.92 dB,	PSNR-U: 43.40 dB,	PSNR-V: 44.45 dB,	MSE-Y: 6.62,	MSE-U: 2.97,	MSE-V: 2.33,	SSIM-Y: 0.98241,	SSIM-U: 0.98104,	SSIM-V: 0.98129 ]	      5 bytes
Picture Number:  147	Temporal Layer Index:    5	 QP:   35	 Average QP:   35  [ PSNR-Y: 39.88 dB,	PSNR-U: 43.35 dB,	PSNR-V: 44.44 dB,	MSE-Y: 6.69,	MSE-U: 3.01,	MSE-V: 2.34,	SSIM-Y: 0.98212,	SSIM-U: 0.98124,	SSIM-V: 0.98119 ]	     22 bytes
Picture Number:  148	Temporal Layer Index:    3	 QP:   30	 Average QP:   30  [ PSNR-Y: 39.92 dB,	PSNR-U: 43.26 dB,	PSNR-V: 44.45 dB,	MSE-Y: 6.63,	MSE-U: 3.07,	MSE-V: 2.33,	SSIM-Y: 0.98204,	SSIM-U: 0.98107,	SSIM-V: 0.98136 ]	      5 bytes
Picture Number:  149	Temporal Layer Index:    5	 QP:   35	 Average QP:   35  [ PSNR-Y: 39.70 dB,	PSNR-U: 43.28 dB,	PSNR-V: 44.48 dB,	MSE-Y: 6.96,	MSE-U: 3.05,	MSE-V: 2.32,	SSIM-Y: 0.98203,	SSIM-U: 0.98149,	SSIM-V: 0.98145 ]	     64 bytes
Picture Number:  150	Temporal Layer Index:    4	 QP:   33	 Average QP:   33  [ PSNR-Y: 39.54 dB,	PSNR-U: 43.27 dB,	PSNR-V: 44.53 dB,	MSE-Y: 7.23,	MSE-U: 3.06,	MSE-V: 2.29,	SSIM-Y: 0.98166,	SSIM-U: 0.98105,	SSIM-V: 0.98173 ]	      5 bytes
Picture Number:  151	Temporal Layer Index:    5	 QP:   35	 Average QP:   35  [ PSNR-Y: 39.22 dB,	PSNR-U: 43.29 dB,	PSNR-V: 44.52 dB,	MSE-Y: 7.78,	MSE-U: 3.05,	MSE-V: 2.30,	SSIM-Y: 0.98118,	SSIM-U: 0.98158,	SSIM-V: 0.98169 ]	     23 bytes
Picture Number:  152	Temporal Layer Index:    2	 QP:   25	 Average QP:   34  [ PSNR-Y: 38.98 dB,	PSNR-U: 43.27 dB,	PSNR-V: 44.62 dB,	MSE-Y: 8.22,	MSE-U: 3.06,	MSE-V: 2.24,	SSIM-Y: 0.98058,	SSIM-U: 0.98232,	SSIM-V: 0.98233 ]	      5 bytes
Picture Number:  153	Temporal Layer Index:    5	 QP:   35	 Average QP:   35  [ PSNR-Y: 38.85 dB,	PSNR-U: 43.50 dB,	PSNR-V: 44.89 dB,	MSE-Y: 8.48,	MSE-U: 2.90,	MSE-V: 2.11,	SSIM-Y: 0.98075,	SSIM-U: 0.98301,	SSIM-V: 0.98325 ]	    326 bytes
Picture Number:  154	Temporal Layer Index:    4	 QP:   33	 Average QP:   33  [ PSNR-Y: 39.11 dB,	PSNR-U: 43.54 dB,	PSNR-V: 44.87 dB,	MSE-Y: 7.98,	MSE-U: 2.87,	MSE-V: 2.12,	SSIM-Y: 0.98126,	SSIM-U: 0.98341,	SSIM-V: 0.98321 ]	      5 bytes
Picture Number:  155	Temporal Layer Index:    5	 QP:   35	 Average QP:   35  [ PSNR-Y: 38.90 dB,	PSNR-U: 43.66 dB,	PSNR-V: 44.93 dB,	MSE-Y: 8.39,	MSE-U: 2.80,	MSE-V: 2.09,	SSIM-Y: 0.98110,	SSIM-U: 0.98354,	SSIM-V: 0.98326 ]	     27 bytes
Picture Number:  156	Temporal Layer Index:    3	 QP:   30	 Average QP:   30  [ PSNR-Y: 39.52 dB,	PSNR-U: 43.74 dB,	PSNR-V: 44.99 dB,	MSE-Y: 7.27,	MSE-U: 2.75,	MSE-V: 2.06,	SSIM-Y: 0.98240,	SSIM-U: 0.98369,	SSIM-V: 0.98332 ]	      5 bytes
Picture Number:  157	Temporal Layer Index:    5	 QP:   35	 Average QP:   35  [ PSNR-Y: 39.40 dB,	PSNR-U: 43.86 dB,	PSNR-V: 45.05 dB,	MSE-Y: 7.47,	MSE-U: 2.67,	MSE-V: 2.03,	SSIM-Y: 0.98230,	SSIM-U: 0.98390,	SSIM-V: 0.98360 ]	     95 bytes
Picture Number:  158	Temporal Layer Index:    4	 QP:   33	 Average QP:   33  [ PSNR-Y: 39.89 dB,	PSNR-U: 44.00 dB,	PSNR-V: 45.15 dB,	MSE-Y: 6.67,	MSE-U: 2.59,	MSE-V: 1.99,	SSIM-Y: 0.98305,	SSIM-U: 0.98454,	SSIM-V: 0.98393 ]	      5 bytes
Picture Number:  159	Temporal Layer Index:    5	 QP:   35	 Average QP:   35  [ PSNR-Y: 39.79 dB,	PSNR-U: 44.05 dB,	PSNR-V: 45.33 dB,	MSE-Y: 6.83,	MSE-U: 2.56,	MSE-V: 1.91,	SSIM-Y: 0.98294,	SSIM-U: 0.98468,	SSIM-V: 0.98464 ]	     25 bytes
Picture Number:  160	Temporal Layer Index:    0	 QP:   25	 Average QP:   34  [ PSNR-Y: 39.82 dB,	PSNR-U: 44.00 dB,	PSNR-V: 45.36 dB,	MSE-Y: 6.78,	MSE-U: 2.59,	MSE-V: 1.89,	SSIM-Y: 0.98290,	SSIM-U: 0.98457,	SSIM-V: 0.98475 ]	      5 bytes
Picture Number:  161	Temporal Layer Index:    0	 QP:    5	 Average QP:   14  [ PSNR-Y: 41.96 dB,	PSNR-U: 44.82 dB,	PSNR-V: 45.33 dB,	MSE-Y: 4.14,	MSE-U: 2.14,	MSE-V: 1.90,	SSIM-Y: 0.98648,	SSIM-U: 0.98578,	SSIM-V: 0.98425 ]	   3594 bytes
Picture Number:  162	Temporal Layer Index:    5	 QP:   35	 Average QP:   35  [ PSNR-Y: 42.62 dB,	PSNR-U: 44.55 dB,	PSNR-V: 45.29 dB,	MSE-Y: 3.56,	MSE-U: 2.28,	MSE-V: 1.93,	SSIM-Y: 0.98720,	SSIM-U: 0.98538,	SSIM-V: 0.98432 ]	    697 bytes
Picture Number:  163	Temporal Layer Index:    4	 QP:   31	 Average QP:   31  [ PSNR-Y: 42.75 dB,	PSNR-U: 44.31 dB,	PSNR-V: 45.20 dB,	MSE-Y: 3.46,	MSE-U: 2.41,	MSE-V: 1.96,	SSIM-Y: 0.98720,	SSIM-U: 0.98541,	SSIM-V: 0.98410 ]	      5 bytes
Picture Number:  164	Temporal Layer Index:    5	 QP:   35	 Average QP:   35  [ PSNR-Y: 42.27 dB,	PSNR-U: 44.20 dB,	PSNR-V: 45.16 dB,	MSE-Y: 3.85,	MSE-U: 2.47,	MSE-V: 1.98,	SSIM-Y: 0.98687,	SSIM-U: 0.98551,	SSIM-V: 0.98400 ]	     25 bytes
Picture Number:  165	Temporal Layer Index:    3	 QP:   26	 Average QP:   26  [ PSNR-Y: 42.28 dB,	PSNR-U: 44.20 dB,	PSNR-V: 45.08 dB,	MSE-Y: 3.85,	MSE-U: 2.47,	MSE-V: 2.02,	SSIM-Y: 0.98682,	SSIM-U: 0.98530,	SSIM-V: 0.98393 ]	      5 bytes
Picture Number:  166	Temporal Layer Index:    5	 QP:   35	 Average QP:   35  [ PSNR-Y: 42.21 dB,	PSNR-U: 44.15 dB,	PSNR-V: 45.17 dB,	MSE-Y: 3.91,	MSE-U: 2.50,	MSE-V: 1.98,	SSIM-Y: 0.98682,	SSIM-U: 0.98530,	SSIM-V: 0.98411 ]	     50 bytes
Picture Number:  167	Temporal Layer Index:    4	 QP:   31	 Average QP:   31  [ PSNR-Y: 42.16 dB,	PSNR-U: 44.11 dB,	PSNR-V: 45.15 dB,	MSE-Y: 3.96,	MSE-U: 2.52,	MSE-V: 1.99,	SSIM-Y: 0.98678,	SSIM-U: 0.98546,	SSIM-V: 0.98410 ]	      5 bytes
Picture Number:  168	Temporal Layer Index:    5	 QP:   35	 Average QP:   35  [ PSNR-Y: 42.11 dB,	PSNR-U: 44.26 dB,	PSNR-V: 45.15 dB,	MSE-Y: 4.00,	MSE-U: 2.44,	MSE-V: 1.99,	SSIM-Y: 0.98674,	SSIM-U: 0.98550,	SSIM-V: 0.98404 ]	     23 bytes
Picture Number:  169	Temporal Layer Index:    2	 QP:   17	 Average QP:   26  [ PSNR-Y: 42.01 dB,	PSNR-U: 44.25 dB,	PSNR-V: 45.14 dB,	MSE-Y: 4.09,	MSE-U: 2.44,	MSE-V: 1.99,	SSIM-Y: 0.98654,	SSIM-U: 0.98541,	SSIM-V: 0.98403 ]	      5 bytes
Picture Number:  170	Temporal Layer Index:    5	 QP:   35	 Average QP:   35  [ PSNR-Y: 41.90 dB,	PSNR-U: 44.36 dB,	PSNR-V: 45.19 dB,	MSE-Y: 4.20,	MSE-U: 2.38,	MSE-V: 1.97,	SSIM-Y: 0.98641,	SSIM-U: 0.98560,	SSIM-V: 0.98393 ]	     87 bytes
Picture Number:  171	Temporal Layer Index:    4	 QP:   31	 Average QP:   31  [ PSNR-Y: 41.76 dB,	PSNR-U: 44.35 dB,	PSNR-V: 45.20 dB,	MSE-Y: 4.33,	MSE-U: 2.39,	MSE-V: 1.97,	SSIM-Y: 0.98622,	SSIM-U: 0.98545,	SSIM-V: 0.98390 ]	      5 bytes
Picture Number:  172	Temporal Layer Index:    5	 QP:   35	 Average QP:   35  [ PSNR-Y: 41.56 dB,	PSNR-U: 44.28 dB,	PSNR-V: 45.22 dB,	MSE-Y: 4.54,	MSE-U: 2.43,	MSE-V: 1.95,	SSIM-Y: 0.98608,	SSIM-U: 0.98538,	SSIM-V: 0.98404 ]	     23 bytes
Picture Number:  173	Temporal Layer Index:    3	 QP:   26	 Average QP:   26  [ PSNR-Y: 41.48 dB,	PSNR-U: 44.11 dB,	PSNR-V: 45.23 dB,	MSE-Y: 4.62,	MSE-U: 2.52,	MSE-V: 1.95,	SSIM-Y: 0.98609,	SSIM-U: 0.98529,	SSIM-V: 0.98405 ]	      5 bytes
Picture Number:  174	Temporal Layer Index:    5	 QP:   35	 Average QP:   35  [ PSNR-Y: 41.61 dB,	PSNR-U: 44.16 dB,	PSNR-V: 45.25 dB,	MSE-Y: 4.48,	MSE-U: 2.49,	MSE-V: 1.94,	SSIM-Y: 0.98625,	SSIM-U: 0.98536,	SSIM-V: 0.98414 ]	     49 bytes
Picture Number:  175	Temporal Layer Index:    4	 QP:   31	 Average QP:   31  [ PSNR-Y: 41.47 dB,	PSNR-U: 44.22 dB,	PSNR-V: 45.18 dB,	MSE-Y: 4.64,	MSE-U: 2.46,	MSE-V: 1.97,	SSIM-Y: 0.98611,	SSIM-U: 0.98540,	SSIM-V: 0.98393 ]	      5 bytes
Picture Number:  176	Temporal Layer Index:    5	 QP:   35	 Average QP:   35  [ PSNR-Y: 41.27 dB,	PSNR-U: 44.41 dB,	PSNR-V: 45.19 dB,	MSE-Y: 4.86,	MSE-U: 2.36,	MSE-V: 1.97,	SSIM-Y: 0.98604,	SSIM-U: 0.98552,	SSIM-V: 0.98385 ]	     23 bytes
Picture Number:  177	Temporal Layer Index:    1	 QP:   17	 Average QP:   26  [ PSNR-Y: 41.57 dB,	PSNR-U: 44.52 dB,	PSNR-V: 45.12 dB,	MSE-Y: 4.53,	MSE-U: 2.30,	MSE-V: 2.00,	SSIM-Y: 0.98614,	SSIM-U: 0.98540,	SSIM-V: 0.98360 ]	      5 bytes
Picture Number:  178	Temporal Layer Index:    5	 QP:   35	 Average QP:   35  [ PSNR-Y: 41.10 dB,	PSNR-U: 44.58 dB,	PSNR-V: 45.16 dB,	MSE-Y: 5.05,	MSE-U: 2.26,	MSE-V: 1.98,	SSIM-Y: 0.98570,	SSIM-U: 0.98556,	SSIM-V: 0.98375 ]	    162 bytes
Picture Number:  179	Temporal Layer Index:    4	 QP:   32	 Average QP:   32  [ PSNR-Y: 40.87 dB,	PSNR-U: 44.52 dB,	PSNR-V: 45.12 dB,	MSE-Y: 5.32,	MSE-U: 2.30,	MSE-V: 2.00,	SSIM-Y: 0.98551,	SSIM-U: 0.98565,	SSIM-V: 0.98359 ]	      5 bytes
Picture Number:  180	Temporal Layer Index:    5	 QP:   35	 Average QP:   35  [ PSNR-Y: 40.69 dB,	PSNR-U: 44.50 dB,	PSNR-V: 45.18 dB,	MSE-Y: 5.54,	MSE-U: 2.31,	MSE-V: 1.97,	SSIM-Y: 0.98522,	SSIM-U: 0.98579,	SSIM-V: 0.98393 ]	     23 bytes
Picture Number:  181	Temporal Layer Index:    3	 QP:   29	 Average QP:   29  [ PSNR-Y: 41.00 dB,	PSNR-U: 44.47 dB,	PSNR-V: 45.26 dB,	MSE-Y: 5.16,	MSE-U: 2.32,	MSE-V: 1.94,	SSIM-Y: 0.98542,	SSIM-U: 0.98534,	SSIM-V: 0.98437 ]	      5 bytes
Picture Number:  182	Temporal Layer Index:    5	 QP:   35	 Average QP:   35  [ PSNR-Y: 40.99 dB,	PSNR-U: 44.48 dB,	PSNR-V: 45.40 dB,	MSE-Y: 5.18,	MSE-U: 2.32,	MSE-V: 1.88,	SSIM-Y: 0.98541,	SSIM-U: 0.98553,	SSIM-V: 0.98471 ]	     49 bytes
Picture Number:  183	Temporal Layer Index:    4	 QP:   32	 Average QP:   32  [ PSNR-Y: 41.03 dB,	PSNR-U: 44.61 dB,	PSNR-V: 45.38 dB,	MSE-Y: 5.12,	MSE-U: 2.25,	MSE-V: 1.88,	SSIM-Y: 0.98545,	SSIM-U: 0.98581,	SSIM-V: 0.98460 ]	      5 bytes
Picture Number:  184	Temporal Layer Index:    5	 QP:   35	 Average QP:   35  [ PSNR-Y: 41.10 dB,	PSNR-U: 44.63 dB,	PSNR-V: 45.43 dB,	MSE-Y: 5.05,	MSE-U: 2.24,	MSE-V: 1.86,	SSIM-Y: 0.98547,	SSIM-U: 0.98593,	SSIM-V: 0.98464 ]	     23 bytes
Picture Number:  185	Temporal Layer Index:    2	 QP:   23	 Average QP:   32  [ PSNR-Y: 41.09 dB,	PSNR-U: 44.62 dB,	PSNR-V: 45.42 dB,	MSE-Y: 5.05,	MSE-U: 2.24,	MSE-V: 1.87,	SSIM-Y: 0.98537,	SSIM-U: 0.98575,	SSIM-V: 0.98464 ]	      5 bytes
Picture Number:  186	Temporal Layer Index:    5	 QP:   35	 Average QP:   35  [ PSNR-Y: 40.92 dB,	PSNR-U: 44.66 dB,	PSNR-V: 45.37 dB,	MSE-Y: 5.26,	MSE-U: 2.22,	MSE-V: 1.89,	SSIM-Y: 0.98516,	SSIM-U: 0.98592,	SSIM-V: 0.98439 ]	    103 bytes
Picture Number:  187	Temporal Layer Index:    4	 QP:   32	 Average QP:   32  [ PSNR-Y: 41.10 dB,	PSNR-U: 44.58 dB,	PSNR-V: 45.36 dB,	MSE-Y: 5.05,	MSE-U: 2.27,	MSE-V: 1.89,	SSIM-Y: 0.98544,	SSIM-U: 0.98567,	SSIM-V: 0.98424 ]	      5 bytes
Picture Number:  188	Temporal Layer Index:    5	 QP:   35	 Average QP:   35  [ PSNR-Y: 40.73 dB,	PSNR-U: 44.55 dB,	PSNR-V: 45.25 dB,	MSE-Y: 5.49,	MSE-U: 2.28,	MSE-V: 1.94,	SSIM-Y: 0.98505,	SSIM-U: 0.98570,	SSIM-V: 0.98394 ]	     37 bytes
Picture Number:  189	Temporal Layer Index:    3	 QP:   29	 Average QP:   29  [ PSNR-Y: 41.57 dB,	PSNR-U: 44.53 dB,	PSNR-V: 45.32 dB,	MSE-Y: 4.53,	MSE-U: 2.29,	MSE-V: 1.91,	SSIM-Y: 0.98593,	SSIM-U: 0.98565,	SSIM-V: 0.98416 ]	      5 bytes
Picture Number:  190	Temporal Layer Index:    5	 QP:   35	 Average QP:   35  [ PSNR-Y: 41.62 dB,	PSNR-U: 44.63 dB,	PSNR-V: 45.42 dB,	MSE-Y: 4.48,	MSE-U: 2.24,	MSE-V: 1.87,	SSIM-Y: 0.98600,	SSIM-U: 0.98584,	SSIM-V: 0.98448 ]	     45 bytes
Picture Number:  191	Temporal Layer Index:    4	 QP:   32	 Average QP:   32  [ PSNR-Y: 42.16 dB,	PSNR-U: 44.54 dB,	PSNR-V: 45.48 dB,	MSE-Y: 3.96,	MSE-U: 2.28,	MSE-V: 1.84,	SSIM-Y: 0.98638,	SSIM-U: 0.98555,	SSIM-V: 0.98462 ]	      5 bytes
Picture Number:  192	Temporal Layer Index:    5	 QP:   35	 Average QP:   35  [ PSNR-Y: 42.43 dB,	PSNR-U: 44.60 dB,	PSNR-V: 45.49 dB,	MSE-Y: 3.72,	MSE-U: 2.25,	MSE-V: 1.84,	SSIM-Y: 0.98666,	SSIM-U: 0.98559,	SSIM-V: 0.98470 ]	     22 bytes
Picture Number:  193	Temporal Layer Index:    0	 QP:    9	 Average QP:   18  [ PSNR-Y: 42.58 dB,	PSNR-U: 44.69 dB,	PSNR-V: 45.52 dB,	MSE-Y: 3.59,	MSE-U: 2.21,	MSE-V: 1.83,	SSIM-Y: 0.98691,	SSIM-U: 0.98583,	SSIM-V: 0.98480 ]	      5 bytes
Picture Number:  194	Temporal Layer Index:    5	 QP:   35	 Average QP:   35  [ PSNR-Y: 42.61 dB,	PSNR-U: 44.66 dB,	PSNR-V: 45.45 dB,	MSE-Y: 3.57,	MSE-U: 2.22,	MSE-V: 1.85,	SSIM-Y: 0.98696,	SSIM-U: 0.98568,	SSIM-V: 0.98463 ]	   1119 bytes
Picture Number:  195	Temporal Layer Index:    4	 QP:   32	 Average QP:   32  [ PSNR-Y: 42.16 dB,	PSNR-U: 44.62 dB,	PSNR-V: 45.44 dB,	MSE-Y: 3.95,	MSE-U: 2.24,	MSE-V: 1.86,	SSIM-Y: 0.98650,	SSIM-U: 0.98571,	SSIM-V: 0.98455 ]	      5 bytes
Picture Number:  196	Temporal Layer Index:    5	 QP:   35	 Average QP:   35  [ PSNR-Y: 41.84 dB,	PSNR-U: 44.62 dB,	PSNR-V: 45.41 dB,	MSE-Y: 4.26,	MSE-U: 2.25,	MSE-V: 1.87,	SSIM-Y: 0.98632,	SSIM-U: 0.98578,	SSIM-V: 0.98446 ]	     22 bytes
Picture Number:  197	Temporal Layer Index:    3	 QP:   29	 Average QP:   29  [ PSNR-Y: 41.43 dB,	PSNR-U: 44.59 dB,	PSNR-V: 45.40 dB,	MSE-Y: 4.68,	MSE-U: 2.26,	MSE-V: 1.87,	SSIM-Y: 0.98584,	SSIM-U: 0.98576,	SSIM-V: 0.98444 ]	      5 bytes
Picture Number:  198	Temporal Layer Index:    5	 QP:   35	 Average QP:   35  [ PSNR-Y: 41.28 dB,	PSNR-U: 44.58 dB,	PSNR-V: 45.45 dB,	MSE-Y: 4.84,	MSE-U: 2.26,	MSE-V: 1.85,	SSIM-Y: 0.98553,	SSIM-U: 0.98565,	SSIM-V: 0.98459 ]	     44 bytes
Picture Number:  199	Temporal Layer Index:    4	 QP:   32	 Average QP:   32  [ PSNR-Y: 41.02 dB,	PSNR-U: 44.60 dB,	PSNR-V: 45.36 dB,	MSE-Y: 5.14,	MSE-U: 2.26,	MSE-V: 1.89,	SSIM-Y: 0.98518,	SSIM-U: 0.98580,	SSIM-V: 0.98435 ]	      5 bytes
Picture Number:  200	Temporal Layer Index:    5	 QP:   35	 Average QP:   35  [ PSNR-Y: 40.76 dB,	PSNR-U: 44.52 dB,	PSNR-V: 45.40 dB,	MSE-Y: 5.46,	MSE-U: 2.29,	MSE-V: 1.87,	SSIM-Y: 0.98476,	SSIM-U: 0.98579,	SSIM-V: 0.98455 ]	     22 bytes
Picture Number:  201	Temporal Layer Index:    2	 QP:   23	 Average QP:   31  [ PSNR-Y: 40.46 dB,	PSNR-U: 44.47 dB,	PSNR-V: 45.36 dB,	MSE-Y: 5.85,	MSE-U: 2.32,	MSE-V: 1.89,	SSIM-Y: 0.98421,	SSIM-U: 0.98569,	SSIM-V: 0.98437 ]	      5 bytes
Picture Number:  202	Temporal Layer Index:    5	 QP:   35	 Average QP:   35  [ PSNR-Y: 40.38 dB,	PSNR-U: 44.50 dB,	PSNR-V: 45.37 dB,	MSE-Y: 5.96,	MSE-U: 2.31,	MSE-V: 1.89,	SSIM-Y: 0.98411,	SSIM-U: 0.98569,	SSIM-V: 0.98440 ]	     96 bytes
Picture Number:  203	Temporal Layer Index:    4	 QP:   33	 Average QP:   33  [ PSNR-Y: 40.14 dB,	PSNR-U: 44.46 dB,	PSNR-V: 45.39 dB,	MSE-Y: 6.29,	MSE-U: 2.33,	MSE-V: 1.88,	SSIM-Y: 0.98365,	SSIM-U: 0.98556,	SSIM-V: 0.98442 ]	      5 bytes
Picture Number:  204	Temporal Layer Index:    5	 QP:   35	 Average QP:   35  [ PSNR-Y: 39.85 dB,	PSNR-U: 44.40 dB,	PSNR-V: 45.34 dB,	MSE-Y: 6.74,	MSE-U: 2.36,	MSE-V: 1.90,	SSIM-Y: 0.98302,	SSIM-U: 0.98559,	SSIM-V: 0.98435 ]	     22 bytes
Picture Number:  205	Temporal Layer Index:    3	 QP:   31	 Average QP:   31  [ PSNR-Y: 39.55 dB,	PSNR-U: 44.36 dB,	PSNR-V: 45.32 dB,	MSE-Y: 7.21,	MSE-U: 2.38,	MSE-V: 1.91,	SSIM-Y: 0.98226,	SSIM-U: 0.98563,	SSIM-V: 0.98419 ]	      5 bytes
Picture Number:  206	Temporal Layer Index:    5	 QP:   35	 Average QP:   35  [ PSNR-Y: 39.13 dB,	PSNR-U: 44.26 dB,	PSNR-V: 45.33 dB,	MSE-Y: 7.94,	MSE-U: 2.44,	MSE-V: 1.90,	SSIM-Y: 0.98150,	SSIM-U: 0.98554,	SSIM-V: 0.98420 ]	     69 bytes
Picture Number:  207	Temporal Layer Index:    4	 QP:   33	 Average QP:   33  [ PSNR-Y: 38.82 dB,	PSNR-U: 44.11 dB,	PSNR-V: 45.33 dB,	MSE-Y: 8.54,	MSE-U: 2.52,	MSE-V: 1.91,	SSIM-Y: 0.98082,	SSIM-U: 0.98530,	SSIM-V: 0.98424 ]	      5 bytes
Picture Number:  208	Temporal Layer Index:    5	 QP:   35	 Average QP:   35  [ PSNR-Y: 38.16 dB,	PSNR-U: 43.81 dB,	PSNR-V: 45.17 dB,	MSE-Y: 9.92,	MSE-U: 2.71,	MSE-V: 1.98,	SSIM-Y: 0.97912,	SSIM-U: 0.98463,	SSIM-V: 0.98362 ]	     27 bytes
Picture Number:  209	Temporal Layer Index:    1	 QP:   27	 Average QP:   36  [ PSNR-Y: 38.12 dB,	PSNR-U: 43.59 dB,	PSNR-V: 44.97 dB,	MSE-Y: 10.04,	MSE-U: 2.85,	MSE-V: 2.07,	SSIM-Y: 0.97870,	SSIM-U: 0.98458,	SSIM-V: 0.98301 ]	      5 bytes
Picture Number:  210	Temporal Layer Index:    5	 QP:   35	 Average QP:   35  [ PSNR-Y: 38.06 dB,	PSNR-U: 43.66 dB,	PSNR-V: 44.99 dB,	MSE-Y: 10.16,	MSE-U: 2.80,	MSE-V: 2.06,	SSIM-Y: 0.97842,	SSIM-U: 0.98458,	SSIM-V: 0.98292 ]	    541 bytes
Picture Number:  211	Temporal Layer Index:    4	 QP:   33	 Average QP:   33  [ PSNR-Y: 38.11 dB,	PSNR-U: 43.42 dB,	PSNR-V: 44.95 dB,	MSE-Y: 10.05,	MSE-U: 2.96,	MSE-V: 2.08,	SSIM-Y: 0.97845,	SSIM-U: 0.98432,	SSIM-V: 0.98291 ]	      5 bytes
Picture Number:  212	Temporal Layer Index:    5	 QP:   35	 Average QP:   35  [ PSNR-Y: 38.33 dB,	PSNR-U: 43.36 dB,	PSNR-V: 44.73 dB,	MSE-Y: 9.54,	MSE-U: 3.00,	MSE-V: 2.19,	SSIM-Y: 0.97918,	SSIM-U: 0.98374,	SSIM-V: 0.98220 ]	     31 bytes
Picture Number:  213	Temporal Layer Index:    3	 QP:   31	 Average QP:   31  [ PSNR-Y: 38.79 dB,	PSNR-U: 43.49 dB,	PSNR-V: 44.49 dB,	MSE-Y: 8.58,	MSE-U: 2.91,	MSE-V: 2.31,	SSIM-Y: 0.97997,	SSIM-U: 0.98341,	SSIM-V: 0.98160 ]	      5 bytes
Picture Number:  214	Temporal Layer Index:    5	 QP:   35	 Average QP:   35  [ PSNR-Y: 38.46 dB,	PSNR-U: 43.44 dB,	PSNR-V: 44.49 dB,	MSE-Y: 9.28,	MSE-U: 2.94,	MSE-V: 2.31,	SSIM-Y: 0.97886,	SSIM-U: 0.98288,	SSIM-V: 0.98156 ]	     95 bytes
Picture Number:  215	Temporal Layer Index:    4	 QP:   33	 Average QP:   33  [ PSNR-Y: 38.39 dB,	PSNR-U: 43.35 dB,	PSNR-V: 44.35 dB,	MSE-Y: 9.42,	MSE-U: 3.01,	MSE-V: 2.39,	SSIM-Y: 0.97845,	SSIM-U: 0.98243,	SSIM-V: 0.98113 ]	      5 bytes
Picture Number:  216	Temporal Layer Index:    5	 QP:   35	 Average QP:   35  [ PSNR-Y: 38.45 dB,	PSNR-U: 43.10 dB,	PSNR-V: 44.15 dB,	MSE-Y: 9.30,	MSE-U: 3.19,	MSE-V: 2.50,	SSIM-Y: 0.97863,	SSIM-U: 0.98140,	SSIM-V: 0.98030 ]	     23 bytes
Picture Number:  217	Temporal Layer Index:    2	 QP:   25	 Average QP:   34  [ PSNR-Y: 38.81 dB,	PSNR-U: 43.02 dB,	PSNR-V: 44.01 dB,	MSE-Y: 8.55,	MSE-U: 3.24,	MSE-V: 2.58,	SSIM-Y: 0.97895,	SSIM-U: 0.98090,	SSIM-V: 0.97977 ]	      5 bytes
Picture Number:  218	Temporal Layer Index:    5	 QP:   35	 Average QP:   35  [ PSNR-Y: 38.61 dB,	PSNR-U: 43.07 dB,	PSNR-V: 44.04 dB,	MSE-Y: 8.96,	MSE-U: 3.21,	MSE-V: 2.56,	SSIM-Y: 0.97907,	SSIM-U: 0.98132,	SSIM-V: 0.97991 ]	    192 bytes
Picture Number:  219	Temporal Layer Index:    4	 QP:   33	 Average QP:   33  [ PSNR-Y: 38.75 dB,	PSNR-U: 42.98 dB,	PSNR-V: 43.98 dB,	MSE-Y: 8.68,	MSE-U: 3.27,	MSE-V: 2.60,	SSIM-Y: 0.97957,	SSIM-U: 0.98146,	SSIM-V: 0.97982 ]	      5 bytes
Picture Number:  220	Temporal Layer Index:    5	 QP:   35	 Average QP:   35  [ PSNR-Y: 39.08 dB,	PSNR-U: 43.15 dB,	PSNR-V: 43.93 dB,	MSE-Y: 8.03,	MSE-U: 3.15,	MSE-V: 2.63,	SSIM-Y: 0.98081,	SSIM-U: 0.98170,	SSIM-V: 0.97981 ]	     28 bytes
Picture Number:  221	Temporal Layer Index:    3	 QP:   30	 Average QP:   30  [ PSNR-Y: 39.62 dB,	PSNR-U: 43.20 dB,	PSNR-V: 44.02 dB,	MSE-Y: 7.10,	MSE-U: 3.12,	MSE-V: 2.58,	SSIM-Y: 0.98227,	SSIM-U: 0.98161,	SSIM-V: 0.97997 ]	      5 bytes
Picture Number:  222	Temporal Layer Index:    5	 QP:   35	 Average QP:   35  [ PSNR-Y: 39.67 dB,	PSNR-U: 43.28 dB,	PSNR-V: 44.07 dB,	MSE-Y: 7.01,	MSE-U: 3.06,	MSE-V: 2.55,	SSIM-Y: 0.98249,	SSIM-U: 0.98197,	SSIM-V: 0.98020 ]	     57 bytes
Picture Number:  223	Temporal Layer Index:    4	 QP:   33	 Average QP:   33  [ PSNR-Y: 40.08 dB,	PSNR-U: 43.30 dB,	PSNR-V: 44.19 dB,	MSE-Y: 6.38,	MSE-U: 3.04,	MSE-V: 2.48,	SSIM-Y: 0.98332,	SSIM-U: 0.98189,	SSIM-V: 0.98076 ]	      5 bytes
Picture Number:  224	Temporal Layer Index:    5	 QP:   35	 Average QP:   35  [ PSNR-Y: 40.29 dB,	PSNR-U: 43.44 dB,	PSNR-V: 44.20 dB,	MSE-Y: 6.08,	MSE-U: 2.95,	MSE-V: 2.47,	SSIM-Y: 0.98389,	SSIM-U: 0.98215,	SSIM-V: 0.98051 ]	     25 bytes
Picture Number:  225	Temporal Layer Index:    0	 QP:   15	 Average QP:   24  [ PSNR-Y: 41.27 dB,	PSNR-U: 43.54 dB,	PSNR-V: 44.35 dB,	MSE-Y: 4.85,	MSE-U: 2.88,	MSE-V: 2.39,	SSIM-Y: 0.98504,	SSIM-U: 0.98196,	SSIM-V: 0.98113 ]	      5 bytes
Picture Number:  226	Temporal Layer Index:    5	 QP:   35	 Average QP:   35  [ PSNR-Y: 40.80 dB,	PSNR-U: 43.58 dB,	PSNR-V: 44.37 dB,	MSE-Y: 5.40,	MSE-U: 2.85,	MSE-V: 2.38,	SSIM-Y: 0.98478,	SSIM-U: 0.98225,	SSIM-V: 0.98104 ]	   1048 bytes
Picture Number:  227	Temporal Layer Index:    4	 QP:   32	 Average QP:   32  [ PSNR-Y: 40.33 dB,	PSNR-U: 43.62 dB,	PSNR-V: 44.44 dB,	MSE-Y: 6.03,	MSE-U: 2.83,	MSE-V: 2.34,	SSIM-Y: 0.98403,	SSIM-U: 0.98246,	SSIM-V: 0.98140 ]	      5 bytes
Picture Number:  228	Temporal Layer Index:    5	 QP:   35	 Average QP:   35  [ PSNR-Y: 40.20 dB,	PSNR-U: 43.60 dB,	PSNR-V: 44.46 dB,	MSE-Y: 6.21,	MSE-U: 2.84,	MSE-V: 2.33,	SSIM-Y: 0.98388,	SSIM-U: 0.98243,	SSIM-V: 0.98152 ]	     23 bytes
Picture Number:  229	Temporal Layer Index:    3	 QP:   29	 Average QP:   29  [ PSNR-Y: 40.16 dB,	PSNR-U: 43.61 dB,	PSNR-V: 44.52 dB,	MSE-Y: 6.26,	MSE-U: 2.83,	MSE-V: 2.30,	SSIM-Y: 0.98386,	SSIM-U: 0.98260,	SSIM-V: 0.98170 ]	      5 bytes
Picture Number:  230	Temporal Layer Index:    5	 QP:   35	 Average QP:   35  [ PSNR-Y: 39.94 dB,	PSNR-U: 43.61 dB,	PSNR-V: 44.40 dB,	MSE-Y: 6.59,	MSE-U: 2.83,	MSE-V: 2.36,	SSIM-Y: 0.98378,	SSIM-U: 0.98252,	SSIM-V: 0.98132 ]	     54 bytes
Picture Number:  231	Temporal Layer Index:    4	 QP:   32	 Average QP:   32  [ PSNR-Y: 39.93 dB,	PSNR-U: 43.49 dB,	PSNR-V: 44.38 dB,	MSE-Y: 6.61,	MSE-U: 2.91,	MSE-V: 2.37,	SSIM-Y: 0.98368,	SSIM-U: 0.98243,	SSIM-V: 0.98134 ]	      5 bytes
Picture Number:  232	Temporal Layer Index:    5	 QP:   35	 Average QP:   35  [ PSNR-Y: 40.03 dB,	PSNR-U: 43.47 dB,	PSNR-V: 44.44 dB,	MSE-Y: 6.45,	MSE-U: 2.93,	MSE-V: 2.34,	SSIM-Y: 0.98395,	SSIM-U: 0.98230,	SSIM-V: 0.98155 ]	     25 bytes
Picture Number:  233	Temporal Layer Index:    2	 QP:   23	 Average QP:   32  [ PSNR-Y: 39.85 dB,	PSNR-U: 43.50 dB,	PSNR-V: 44.35 dB,	MSE-Y: 6.73,	MSE-U: 2.90,	MSE-V: 2.39,	SSIM-Y: 0.98354,	SSIM-U: 0.98208,	SSIM-V: 0.98115 ]	      5 bytes
Picture Number:  234	Temporal Layer Index:    5	 QP:   35	 Average QP:   35  [ PSNR-Y: 39.41 dB,	PSNR-U: 43.43 dB,	PSNR-V: 44.40 dB,	MSE-Y: 7.45,	MSE-U: 2.95,	MSE-V: 2.36,	SSIM-Y: 0.98268,	SSIM-U: 0.98202,	SSIM-V: 0.98139 ]	    164 bytes
Picture Number:  235	Temporal Layer Index:    4	 QP:   32	 Average QP:   32  [ PSNR-Y: 39.61 dB,	PSNR-U: 43.28 dB,	PSNR-V: 44.33 dB,	MSE-Y: 7.12,	MSE-U: 3.06,	MSE-V: 2.40,	SSIM-Y: 0.98248,	SSIM-U: 0.98174,	SSIM-V: 0.98104 ]	      5 bytes
Picture Number:  236	Temporal Layer Index:    5	 QP:   35	 Average QP:   35  [ PSNR-Y: 39.42 dB,	PSNR-U: 43.21 dB,	PSNR-V: 44.35 dB,	MSE-Y: 7.43,	MSE-U: 3.11,	MSE-V: 2.39,	SSIM-Y: 0.98218,	SSIM-U: 0.98180,	SSIM-V: 0.98108 ]	     28 bytes
Picture Number:  237	Temporal Layer Index:    3	 QP:   29	 Average QP:   29  [ PSNR-Y: 39.52 dB,	PSNR-U: 43.09 dB,	PSNR-V: 44.36 dB,	MSE-Y: 7.26,	MSE-U: 3.19,	MSE-V: 2.38,	SSIM-Y: 0.98218,	SSIM-U: 0.98197,	SSIM-V: 0.98113 ]	      5 bytes
Picture Number:  238	Temporal Layer Index:    5	 QP:   35	 Average QP:   35  [ PSNR-Y: 38.84 dB,	PSNR-U: 43.16 dB,	PSNR-V: 44.39 dB,	MSE-Y: 8.49,	MSE-U: 3.14,	MSE-V: 2.36,	SSIM-Y: 0.98104,	SSIM-U: 0.98226,	SSIM-V: 0.98136 ]	     69 bytes
Picture Number:  239	Temporal Layer Index:    4	 QP:   32	 Average QP:   32  [ PSNR-Y: 39.05 dB,	PSNR-U: 43.20 dB,	PSNR-V: 44.48 dB,	MSE-Y: 8.09,	MSE-U: 3.12,	MSE-V: 2.32,	SSIM-Y: 0.98144,	SSIM-U: 0.98210,	SSIM-V: 0.98165 ]	      5 bytes
Picture Number:  240	Temporal Layer Index:    5	 QP:   35	 Average QP:   35  [ PSNR-Y: 39.25 dB,	PSNR-U: 43.21 dB,	PSNR-V: 44.50 dB,	MSE-Y: 7.72,	MSE-U: 3.10,	MSE-V: 2.31,	SSIM-Y: 0.98178,	SSIM-U: 0.98234,	SSIM-V: 0.98161 ]	     23 bytes
Picture Number:  241	Temporal Layer Index:    1	 QP:   23	 Average QP:   32  [ PSNR-Y: 39.33 dB,	PSNR-U: 43.22 dB,	PSNR-V: 44.60 dB,	MSE-Y: 7.58,	MSE-U: 3.10,	MSE-V: 2.26,	SSIM-Y: 0.98191,	SSIM-U: 0.98257,	SSIM-V: 0.98180 ]	      5 bytes
Picture Number:  242	Temporal Layer Index:    5	 QP:   35	 Average QP:   35  [ PSNR-Y: 39.36 dB,	PSNR-U: 43.18 dB,	PSNR-V: 44.69 dB,	MSE-Y: 7.54,	MSE-U: 3.13,	MSE-V: 2.21,	SSIM-Y: 0.98205,	SSIM-U: 0.98258,	SSIM-V: 0.98206 ]	    262 bytes
Picture Number:  243	Temporal Layer Index:    4	 QP:   33	 Average QP:   33  [ PSNR-Y: 39.29 dB,	PSNR-U: 43.36 dB,	PSNR-V: 44.78 dB,	MSE-Y: 7.65,	MSE-U: 3.00,	MSE-V: 2.16,	SSIM-Y: 0.98200,	SSIM-U: 0.98308,	SSIM-V: 0.98231 ]	      5 bytes
Picture Number:  244	Temporal Layer Index:    5	 QP:   35	 Average QP:   35  [ PSNR-Y: 39.22 dB,	PSNR-U: 43.47 dB,	PSNR-V: 44.84 dB,	MSE-Y: 7.78,	MSE-U: 2.93,	MSE-V: 2.14,	SSIM-Y: 0.98195,	SSIM-U: 0.98356,	SSIM-V: 0.98235 ]	     25 bytes
Picture Number:  245	Temporal Layer Index:    3	 QP:   30	 Average QP:   30  [ PSNR-Y: 39.72 dB,	PSNR-U: 43.64 dB,	PSNR-V: 44.91 dB,	MSE-Y: 6.93,	MSE-U: 2.81,	MSE-V: 2.10,	SSIM-Y: 0.98257,	SSIM-U: 0.98374,	SSIM-V: 0.98265 ]	      5 bytes
Picture Number:  246	Temporal Layer Index:    5	 QP:   35	 Average QP:   35  [ PSNR-Y: 39.61 dB,	PSNR-U: 43.76 dB,	PSNR-V: 44.90 dB,	MSE-Y: 7.11,	MSE-U: 2.74,	MSE-V: 2.10,	SSIM-Y: 0.98256,	SSIM-U: 0.98374,	SSIM-V: 0.98271 ]	     82 bytes
Picture Number:  247	Temporal Layer Index:    4	 QP:   33	 Average QP:   33  [ PSNR-Y: 39.86 dB,	PSNR-U: 43.84 dB,	PSNR-V: 44.81 dB,	MSE-Y: 6.72,	MSE-U: 2.69,	MSE-V: 2.15,	SSIM-Y: 0.98298,	SSIM-U: 0.98355,	SSIM-V: 0.98247 ]	      5 bytes
Picture Number:  248	Temporal Layer Index:    5	 QP:   35	 Average QP:   35  [ PSNR-Y: 39.29 dB,	PSNR-U: 43.97 dB,	PSNR-V: 44.59 dB,	MSE-Y: 7.66,	MSE-U: 2.61,	MSE-V: 2.26,	SSIM-Y: 0.98205,	SSIM-U: 0.98405,	SSIM-V: 0.98169 ]	     26 bytes
Picture Number:  249	Temporal Layer Index:    2	 QP:   25	 Average QP:   34  [ PSNR-Y: 39.58 dB,	PSNR-U: 43.99 dB,	PSNR-V: 44.73 dB,	MSE-Y: 7.17,	MSE-U: 2.59,	MSE-V: 2.19,	SSIM-Y: 0.98245,	SSIM-U: 0.98393,	SSIM-V: 0.98234 ]	      5 bytes
Picture Number:  250	Temporal Layer Index:    5	 QP:   35	 Average QP:   35  [ PSNR-Y: 39.49 dB,	PSNR-U: 44.10 dB,	PSNR-V: 44.64 dB,	MSE-Y: 7.32,	MSE-U: 2.53,	MSE-V: 2.24,	SSIM-Y: 0.98231,	SSIM-U: 0.98428,	SSIM-V: 0.98205 ]	    116 bytes
Picture Number:  251	Temporal Layer Index:    4	 QP:   33	 Average QP:   33  [ PSNR-Y: 40.09 dB,	PSNR-U: 44.09 dB,	PSNR-V: 44.71 dB,	MSE-Y: 6.37,	MSE-U: 2.54,	MSE-V: 2.20,	SSIM-Y: 0.98350,	SSIM-U: 0.98397,	SSIM-V: 0.98239 ]	      5 bytes
Picture Number:  252	Temporal Layer Index:    5	 QP:   35	 Average QP:   35  [ PSNR-Y: 40.34 dB,	PSNR-U: 44.13 dB,	PSNR-V: 44.68 dB,	MSE-Y: 6.01,	MSE-U: 2.51,	MSE-V: 2.21,	SSIM-Y: 0.98395,	SSIM-U: 0.98430,	SSIM-V: 0.98213 ]	     25 bytes
Picture Number:  253	Temporal Layer Index:    3	 QP:   30	 Average QP:   30  [ PSNR-Y: 40.89 dB,	PSNR-U: 44.02 dB,	PSNR-V: 44.67 dB,	MSE-Y: 5.29,	MSE-U: 2.58,	MSE-V: 2.22,	SSIM-Y: 0.98463,	SSIM-U: 0.98407,	SSIM-V: 0.98213 ]	      5 bytes
Picture Number:  254	Temporal Layer Index:    5	 QP:   35	 Average QP:   35  [ PSNR-Y: 41.18 dB,	PSNR-U: 43.94 dB,	PSNR-V: 44.67 dB,	MSE-Y: 4.95,	MSE-U: 2.62,	MSE-V: 2.22,	SSIM-Y: 0.98530,	SSIM-U: 0.98389,	SSIM-V: 0.98212 ]	     47 bytes
Picture Number:  255	Temporal Layer Index:    4	 QP:   33	 Average QP:   33  [ PSNR-Y: 41.56 dB,	PSNR-U: 43.86 dB,	PSNR-V: 44.69 dB,	MSE-Y: 4.54,	MSE-U: 2.67,	MSE-V: 2.21,	SSIM-Y: 0.98574,	SSIM-U: 0.98385,	SSIM-V: 0.98216 ]	      5 bytes
Picture Number:  256	Temporal Layer Index:    5	 QP:   35	 Average QP:   35  [ PSNR-Y: 41.79 dB,	PSNR-U: 44.09 dB,	PSNR-V: 44.74 dB,	MSE-Y: 4.31,	MSE-U: 2.53,	MSE-V: 2.18,	SSIM-Y: 0.98585,	SSIM-U: 0.98436,	SSIM-V: 0.98234 ]	     23 bytes
Picture Number:  257	Temporal Layer Index:    0	 QP:   13	 Average QP:   22  [ PSNR-Y: 41.84 dB,	PSNR-U: 44.12 dB,	PSNR-V: 44.73 dB,	MSE-Y: 4.26,	MSE-U: 2.52,	MSE-V: 2.19,	SSIM-Y: 0.98585,	SSIM-U: 0.98418,	SSIM-V: 0.98227 ]	      5 bytes
Picture Number:  258	Temporal Layer Index:    5	 QP:   35	 Average QP:   35  [ PSNR-Y: 40.86 dB,	PSNR-U: 43.96 dB,	PSNR-V: 44.73 dB,	MSE-Y: 5.34,	MSE-U: 2.61,	MSE-V: 2.19,	SSIM-Y: 0.98475,	SSIM-U: 0.98391,	SSIM-V: 0.98234 ]	    836 bytes
Picture Number:  259	Temporal Layer Index:    4	 QP:   32	 Average QP:   32  [ PSNR-Y: 40.01 dB,	PSNR-U: 43.76 dB,	PSNR-V: 44.70 dB,	MSE-Y: 6.49,	MSE-U: 2.74,	MSE-V: 2.21,	SSIM-Y: 0.98372,	SSIM-U: 0.98371,	SSIM-V: 0.98217 ]	      5 bytes
Picture Number:  260	Temporal Layer Index:    5	 QP:   35	 Average QP:   35  [ PSNR-Y: 38.80 dB,	PSNR-U: 43.95 dB,	PSNR-V: 44.80 dB,	MSE-Y: 8.58,	MSE-U: 2.62,	MSE-V: 2.16,	SSIM-Y: 0.98203,	SSIM-U: 0.98430,	SSIM-V: 0.98255 ]	     27 bytes
Picture Number:  261	Temporal Layer Index:    3	 QP:   29	 Average QP:   29  [ PSNR-Y: 40.42 dB,	PSNR-U: 43.91 dB,	PSNR-V: 44.88 dB,	MSE-Y: 5.90,	MSE-U: 2.64,	MSE-V: 2.11,	SSIM-Y: 0.98368,	SSIM-U: 0.98497,	SSIM-V: 0.98304 ]	      5 bytes
Picture Number:  262	Temporal Layer Index:    5	 QP:   35	 Average QP:   35  [ PSNR-Y: 39.76 dB,	PSNR-U: 43.87 dB,	PSNR-V: 44.73 dB,	MSE-Y: 6.88,	MSE-U: 2.67,	MSE-V: 2.19,	SSIM-Y: 0.98264,	SSIM-U: 0.98533,	SSIM-V: 0.98230 ]	     46 bytes
Picture Number:  263	Temporal Layer Index:    4	 QP:   32	 Average QP:   32  [ PSNR-Y: 39.90 dB,	PSNR-U: 43.71 dB,	PSNR-V: 44.87 dB,	MSE-Y: 6.65,	MSE-U: 2.77,	MSE-V: 2.12,	SSIM-Y: 0.98259,	SSIM-U: 0.98544,	SSIM-V: 0.98264 ]	      5 bytes
Picture Number:  264	Temporal Layer Index:    5	 QP:   35	 Average QP:   35  [ PSNR-Y: 39.90 dB,	PSNR-U: 43.85 dB,	PSNR-V: 44.83 dB,	MSE-Y: 6.65,	MSE-U: 2.68,	MSE-V: 2.14,	SSIM-Y: 0.98254,	SSIM-U: 0.98544,	SSIM-V: 0.98263 ]	     22 bytes
Picture Number:  265	Temporal Layer Index:    2	 QP:   22	 Average QP:   31  [ PSNR-Y: 40.10 dB,	PSNR-U: 43.88 dB,	PSNR-V: 44.84 dB,	MSE-Y: 6.35,	MSE-U: 2.66,	MSE-V: 2.13,	SSIM-Y: 0.98285,	SSIM-U: 0.98527,	SSIM-V: 0.98253 ]	      5 bytes
Picture Number:  266	Temporal Layer Index:    5	 QP:   35	 Average QP:   35  [ PSNR-Y: 40.13 dB,	PSNR-U: 43.96 dB,	PSNR-V: 44.86 dB,	MSE-Y: 6.31,	MSE-U: 2.61,	MSE-V: 2.12,	SSIM-Y: 0.98327,	SSIM-U: 0.98531,	SSIM-V: 0.98248 ]	     79 bytes
Picture Number:  267	Temporal Layer Index:    4	 QP:   32	 Average QP:   32  [ PSNR-Y: 40.14 dB,	PSNR-U: 44.00 dB,	PSNR-V: 44.87 dB,	MSE-Y: 6.29,	MSE-U: 2.59,	MSE-V: 2.12,	SSIM-Y: 0.98341,	SSIM-U: 0.98536,	SSIM-V: 0.98251 ]	      5 bytes
Picture Number:  268	Temporal Layer Index:    5	 QP:   35	 Average QP:   35  [ PSNR-Y: 40.18 dB,	PSNR-U: 44.06 dB,	PSNR-V: 44.83 dB,	MSE-Y: 6.24,	MSE-U: 2.55,	MSE-V: 2.14,	SSIM-Y: 0.98360,	SSIM-U: 0.98561,	SSIM-V: 0.98227 ]	     22 bytes
Picture Number:  269	Temporal Layer Index:    3	 QP:   29	 Average QP:   29  [ PSNR-Y: 40.23 dB,	PSNR-U: 44.10 dB,	PSNR-V: 44.85 dB,	MSE-Y: 6.17,	MSE-U: 2.53,	MSE-V: 2.13,	SSIM-Y: 0.98376,	SSIM-U: 0.98566,	SSIM-V: 0.98238 ]	      5 bytes
Picture Number:  270	Temporal Layer Index:    5	 QP:   35	 Average QP:   35  [ PSNR-Y: 40.11 dB,	PSNR-U: 44.16 dB,	PSNR-V: 44.89 dB,	MSE-Y: 6.34,	MSE-U: 2.49,	MSE-V: 2.11,	SSIM-Y: 0.98370,	SSIM-U: 0.98555,	SSIM-V: 0.98266 ]	     42 bytes
Picture Number:  271	Temporal Layer Index:    4	 QP:   32	 Average QP:   32  [ PSNR-Y: 40.16 dB,	PSNR-U: 44.12 dB,	PSNR-V: 44.87 dB,	MSE-Y: 6.27,	MSE-U: 2.52,	MSE-V: 2.12,	SSIM-Y: 0.98375,	SSIM-U: 0.98555,	SSIM-V: 0.98253 ]	      5 bytes
Picture Number:  272	Temporal Layer Index:    5	 QP:   35	 Average QP:   35  [ PSNR-Y: 40.28 dB,	PSNR-U: 44.12 dB,	PSNR-V: 44.90 dB,	MSE-Y: 6.10,	MSE-U: 2.52,	MSE-V: 2.10,	SSIM-Y: 0.98397,	SSIM-U: 0.98548,	SSIM-V: 0.98250 ]	     22 bytes
Picture Number:  273	Temporal Layer Index:    1	 QP:   21	 Average QP:   29  [ PSNR-Y: 40.56 dB,	PSNR-U: 44.14 dB,	PSNR-V: 44.88 dB,	MSE-Y: 5.72,	MSE-U: 2.51,	MSE-V: 2.11,	SSIM-Y: 0.98426,	SSIM-U: 0.98552,	SSIM-V: 0.98263 ]	      5 bytes
Picture Number:  274	Temporal Layer Index:    5	 QP:   35	 Average QP:   35  [ PSNR-Y: 39.99 dB,	PSNR-U: 44.20 dB,	PSNR-V: 45.02 dB,	MSE-Y: 6.52,	MSE-U: 2.47,	MSE-V: 2.04,	SSIM-Y: 0.98341,	SSIM-U: 0.98547,	SSIM-V: 0.98315 ]	    332 bytes
Picture Number:  275	Temporal Layer Index:    4	 QP:   33	 Average QP:   33  [ PSNR-Y: 39.57 dB,	PSNR-U: 43.99 dB,	PSNR-V: 44.98 dB,	MSE-Y: 7.18,	MSE-U: 2.59,	MSE-V: 2.07,	SSIM-Y: 0.98285,	SSIM-U: 0.98521,	SSIM-V: 0.98301 ]	      5 bytes
Picture Number:  276	Temporal Layer Index:    5	 QP:   35	 Average QP:   35  [ PSNR-Y: 39.61 dB,	PSNR-U: 43.75 dB,	PSNR-V: 44.91 dB,	MSE-Y: 7.11,	MSE-U: 2.74,	MSE-V: 2.10,	SSIM-Y: 0.98252,	SSIM-U: 0.98496,	SSIM-V: 0.98277 ]	     27 bytes
Picture Number:  277	Temporal Layer Index:    3	 QP:   31	 Average QP:   31  [ PSNR-Y: 39.87 dB,	PSNR-U: 43.37 dB,	PSNR-V: 44.74 dB,	MSE-Y: 6.70,	MSE-U: 2.99,	MSE-V: 2.18,	SSIM-Y: 0.98254,	SSIM-U: 0.98459,	SSIM-V: 0.98228 ]	      5 bytes
Picture Number:  278	Temporal Layer Index:    5	 QP:   35	 Average QP:   35  [ PSNR-Y: 39.42 dB,	PSNR-U: 43.73 dB,	PSNR-V: 44.97 dB,	MSE-Y: 7.43,	MSE-U: 2.75,	MSE-V: 2.07,	SSIM-Y: 0.98203,	SSIM-U: 0.98535,	SSIM-V: 0.98296 ]	     62 bytes
Picture Number:  279	Temporal Layer Index:    4	 QP:   33	 Average QP:   33  [ PSNR-Y: 39.04 dB,	PSNR-U: 43.90 dB,	PSNR-V: 45.04 dB,	MSE-Y: 8.11,	MSE-U: 2.65,	MSE-V: 2.04,	SSIM-Y: 0.98135,	SSIM-U: 0.98562,	SSIM-V: 0.98316 ]	      5 bytes
Picture Number:  280	Temporal Layer Index:    5	 QP:   35	 Average QP:   35  [ PSNR-Y: 39.13 dB,	PSNR-U: 43.94 dB,	PSNR-V: 44.94 dB,	MSE-Y: 7.94,	MSE-U: 2.63,	MSE-V: 2.09,	SSIM-Y: 0.98184,	SSIM-U: 0.98559,	SSIM-V: 0.98278 ]	     23 bytes
Picture Number:  281	Temporal Layer Index:    2	 QP:   26	 Average QP:   35  [ PSNR-Y: 39.32 dB,	PSNR-U: 43.90 dB,	PSNR-V: 44.92 dB,	MSE-Y: 7.60,	MSE-U: 2.65,	MSE-V: 2.09,	SSIM-Y: 0.98228,	SSIM-U: 0.98536,	SSIM-V: 0.98278 ]	      5 bytes
Picture Number:  282	Temporal Layer Index:    5	 QP:   35	 Average QP:   35  [ PSNR-Y: 39.78 dB,	PSNR-U: 44.12 dB,	PSNR-V: 44.97 dB,	MSE-Y: 6.83,	MSE-U: 2.52,	MSE-V: 2.07,	SSIM-Y: 0.98321,	SSIM-U: 0.98560,	SSIM-V: 0.98306 ]	    128 bytes
Picture Number:  283	Temporal Layer Index:    4	 QP:   33	 Average QP:   33  [ PSNR-Y: 39.76 dB,	PSNR-U: 44.13 dB,	PSNR-V: 44.94 dB,	MSE-Y: 6.87,	MSE-U: 2.51,	MSE-V: 2.08,	SSIM-Y: 0.98315,	SSIM-U: 0.98535,	SSIM-V: 0.98302 ]	      5 bytes
Picture Number:  284	Temporal Layer Index:    5	 QP:   35	 Average QP:   35  [ PSNR-Y: 39.91 dB,	PSNR-U: 44.12 dB,	PSNR-V: 45.02 dB,	MSE-Y: 6.64,	MSE-U: 2.52,	MSE-V: 2.05,	SSIM-Y: 0.98328,	SSIM-U: 0.98546,	SSIM-V: 0.98343 ]	     23 bytes
Picture Number:  285	Temporal Layer Index:    3	 QP:   31	 Average QP:   31  [ PSNR-Y: 40.34 dB,	PSNR-U: 44.13 dB,	PSNR-V: 45.06 dB,	MSE-Y: 6.01,	MSE-U: 2.51,	MSE-V: 2.03,	SSIM-Y: 0.98382,	SSIM-U: 0.98555,	SSIM-V: 0.98354 ]	      5 bytes
Picture Number:  286	Temporal Layer Index:    5	 QP:   35	 Average QP:   35  [ PSNR-Y: 40.51 dB,	PSNR-U: 44.00 dB,	PSNR-V: 45.11 dB,	MSE-Y: 5.79,	MSE-U: 2.59,	MSE-V: 2.00,	SSIM-Y: 0.98437,	SSIM-U: 0.98559,	SSIM-V: 0.98374 ]	     52 bytes
Picture Number:  287	Temporal Layer Index:    4	 QP:   33	 Average QP:   33  [ PSNR-Y: 40.94 dB,	PSNR-U: 43.97 dB,	PSNR-V: 45.07 dB,	MSE-Y: 5.24,	MSE-U: 2.60,	MSE-V: 2.03,	SSIM-Y: 0.98510,	SSIM-U: 0.98514,	SSIM-V: 0.98361 ]	      5 bytes
Picture Number:  288	Temporal Layer Index:    5	 QP:   35	 Average QP:   35  [ PSNR-Y: 41.37 dB,	PSNR-U: 43.97 dB,	PSNR-V: 45.11 dB,	MSE-Y: 4.74,	MSE-U: 2.61,	MSE-V: 2.00,	SSIM-Y: 0.98559,	SSIM-U: 0.98539,	SSIM-V: 0.98382 ]	     22 bytes
Picture Number:  289	Temporal Layer Index:    0	 QP:   16	 Average QP:   25  [ PSNR-Y: 41.69 dB,	PSNR-U: 44.03 dB,	PSNR-V: 45.11 dB,	MSE-Y: 4.40,	MSE-U: 2.57,	MSE-V: 2.01,	SSIM-Y: 0.98579,	SSIM-U: 0.98523,	SSIM-V: 0.98368 ]	      5 bytes
Picture Number:  290	Temporal Layer Index:    3	 QP:   35	 Average QP:   35  [ PSNR-Y: 41.60 dB,	PSNR-U: 43.97 dB,	PSNR-V: 45.14 dB,	MSE-Y: 4.49,	MSE-U: 2.61,	MSE-V: 1.99,	SSIM-Y: 0.98590,	SSIM-U: 0.98525,	SSIM-V: 0.98385 ]	    298 bytes
Picture Number:  291	Temporal Layer Index:    2	 QP:   32	 Average QP:   32  [ PSNR-Y: 41.34 dB,	PSNR-U: 43.98 dB,	PSNR-V: 45.16 dB,	MSE-Y: 4.78,	MSE-U: 2.60,	MSE-V: 1.98,	SSIM-Y: 0.98563,	SSIM-U: 0.98521,	SSIM-V: 0.98400 ]	      5 bytes
Picture Number:  292	Temporal Layer Index:    3	 QP:   35	 Average QP:   35  [ PSNR-Y: 41.10 dB,	PSNR-U: 44.02 dB,	PSNR-V: 45.14 dB,	MSE-Y: 5.05,	MSE-U: 2.58,	MSE-V: 1.99,	SSIM-Y: 0.98533,	SSIM-U: 0.98563,	SSIM-V: 0.98400 ]	     26 bytes
Picture Number:  293	Temporal Layer Index:    1	 QP:   29	 Average QP:   29  [ PSNR-Y: 41.02 dB,	PSNR-U: 43.96 dB,	PSNR-V: 45.14 dB,	MSE-Y: 5.14,	MSE-U: 2.61,	MSE-V: 1.99,	SSIM-Y: 0.98524,	SSIM-U: 0.98546,	SSIM-V: 0.98415 ]	      5 bytes
Picture Number:  294	Temporal Layer Index:    3	 QP:   35	 Average QP:   35  [ PSNR-Y: 40.45 dB,	PSNR-U: 43.91 dB,	PSNR-V: 44.98 dB,	MSE-Y: 5.86,	MSE-U: 2.64,	MSE-V: 2.06,	SSIM-Y: 0.98429,	SSIM-U: 0.98542,	SSIM-V: 0.98358 ]	     73 bytes
Picture Number:  295	Temporal Layer Index:    2	 QP:   32	 Average QP:   32  [ PSNR-Y: 40.78 dB,	PSNR-U: 43.97 dB,	PSNR-V: 44.61 dB,	MSE-Y: 5.44,	MSE-U: 2.60,	MSE-V: 2.25,	SSIM-Y: 0.98475,	SSIM-U: 0.98555,	SSIM-V: 0.98214 ]	      5 bytes
Picture Number:  296	Temporal Layer Index:    3	 QP:   35	 Average QP:   35  [ PSNR-Y: 40.38 dB,	PSNR-U: 43.98 dB,	PSNR-V: 44.47 dB,	MSE-Y: 5.96,	MSE-U: 2.60,	MSE-V: 2.32,	SSIM-Y: 0.98412,	SSIM-U: 0.98579,	SSIM-V: 0.98160 ]	     25 bytes
Picture Number:  297	Temporal Layer Index:    0	 QP:   23	 Average QP:   32  [ PSNR-Y: 40.30 dB,	PSNR-U: 43.90 dB,	PSNR-V: 44.50 dB,	MSE-Y: 6.07,	MSE-U: 2.65,	MSE-V: 2.31,	SSIM-Y: 0.98385,	SSIM-U: 0.98533,	SSIM-V: 0.98188 ]	      5 bytes
Picture Number:  298	Temporal Layer Index:    1	 QP:   35	 Average QP:   35  [ PSNR-Y: 39.73 dB,	PSNR-U: 43.64 dB,	PSNR-V: 44.40 dB,	MSE-Y: 6.92,	MSE-U: 2.81,	MSE-V: 2.36,	SSIM-Y: 0.98299,	SSIM-U: 0.98576,	SSIM-V: 0.98177 ]	     70 bytes
Picture Number:  299	Temporal Layer Index:    0	 QP:   32	 Average QP:   41  [ PSNR-Y: 39.05 dB,	PSNR-U: 42.99 dB,	PSNR-V: 44.40 dB,	MSE-Y: 8.10,	MSE-U: 3.26,	MSE-V: 2.36,	SSIM-Y: 0.98171,	SSIM-U: 0.98523,	SSIM-V: 0.98237 ]	      5 bytes

SUMMARY ---------------------------------------------------------------------

				Average PSNR (using per-frame PSNR)		|	Overall PSNR (using per-frame MSE)		|	Average SSIM
Total Frames	Average QP  	Y-PSNR   	U-PSNR   	V-PSNR		| 	Y-PSNR   	U-PSNR   	V-PSNR   	|	Y-SSIM   	U-SSIM   	V-SSIM   	|	Bitrate
       300  	   31.61    	40.32 dB	43.82 dB	44.94 dB  	|	40.20 dB	43.80 dB	44.93 dB 	|	0.98339 	0.98395 	0.98334		|	22.22 kbps
